time;EPfilt;;;;;;;;;;;;;;;;;;;;;;;;;;;;;;;;EP
;ROI#1;ROI#2;ROI#3;ROI#4;ROI#5;ROI#6;ROI#7;ROI#8;ROI#9;ROI#10;ROI#11;ROI#12;ROI#13;ROI#14;ROI#15;ROI#16;ROI#17;ROI#18;ROI#19;ROI#20;ROI#21;ROI#22;ROI#23;ROI#24;ROI#25;ROI#26;ROI#27;ROI#28;ROI#29;ROI#30;ROI#31;ROI#32;ROI#1;ROI#2;ROI#3;ROI#4;ROI#5;ROI#6;ROI#7;ROI#8;ROI#9;ROI#10;ROI#11;ROI#12;ROI#13;ROI#14;ROI#15;ROI#16;ROI#17;ROI#18;ROI#19;ROI#20;ROI#21;ROI#22;ROI#23;ROI#24;ROI#25;ROI#26;ROI#27;ROI#28;ROI#29;ROI#30;ROI#31;ROI#32;
0.000;-80.00;-80.00;-80.00;-80.00;-80.00;-80.00;-80.00;-80.00;-80.00;-80.00;-80.00;-80.00;-80.00;-80.00;-80.00;-80.00;-80.00;-80.00;-80.00;-80.00;-80.00;-80.00;-80.00;-80.00;-80.00;-80.00;-80.00;-80.00;-80.00;-80.00;-80.00;-80.00;-79.40;-78.03;-79.95;-78.59;-71.82;-72.14;-71.21;-74.29;-80.69;-71.16;-74.21;-79.11;-74.63;-80.46;-83.78;-79.96;-76.05;-78.99;-72.89;-83.04;-83.64;-72.46;-78.16;-79.79;-84.39;-83.87;-78.43;-80.81;-78.23;-76.33;-70.22;-79.76
0.016;-80.00;-80.00;-80.00;-80.00;-80.00;-80.00;-80.00;-80.00;-80.00;-80.00;-80.00;-80.00;-80.00;-80.00;-80.00;-80.00;-80.00;-80.00;-80.00;-80.00;-80.00;-80.00;-80.00;-80.00;-80.00;-80.00;-80.00;-80.00;-80.00;-80.00;-80.00;-80.00;-67.45;-100.11;-60.84;-70.16;-109.88;-117.52;-129.89;-83.83;-127.20;-88.55;-82.61;-91.87;-80.63;-83.74;-101.11;-75.22;-90.72;-63.57;-74.75;-143.54;-111.34;-17.22;-79.69;-93.90;-84.41;-135.84;-42.21;8.43;-112.25;-96.39;-21.69;-49.87
0.032;-80.00;-80.00;-80.00;-80.00;-80.00;-80.00;-80.00;-80.00;-80.00;-80.00;-80.00;-80.00;-80.00;-80.00;-80.00;-80.00;-80.00;-80.00;-80.00;-80.00;-80.00;-80.00;-80.00;-80.00;-80.00;-80.00;-80.00;-80.00;-80.00;-80.00;-80.00;-80.00;-101.37;-113.59;-158.15;-34.32;-26.85;-106.72;51.22;-65.83;1.09;-169.70;-102.46;-116.49;-73.19;-69.22;-74.93;-74.16;-87.77;-124.01;-69.34;-43.98;-67.38;-177.59;-59.83;-71.11;-39.35;-16.81;-119.86;-162.25;-70.71;-55.98;-131.43;-135.85
0.048;-80.00;-80.00;-80.00;-80.00;-80.00;-80.00;-80.00;-80.00;-80.00;-80.00;-80.00;-80.00;-80.00;-80.00;-80.00;-80.00;-80.00;-80.00;-80.00;-80.00;-80.00;-80.00;-80.00;-80.00;-80.00;-80.00;-80.00;-80.00;-80.00;-80.00;-80.00;-80.00;-114.01;-42.58;-75.48;-28.33;-87.21;-57.56;-20.06;-58.01;-73.99;-75.45;-145.36;-156.82;-133.57;-45.58;-12.56;-134.23;-10.78;-111.85;-57.33;-26.90;-81.27;-22.77;-103.43;-78.29;-106.20;-65.40;-26.98;-56.47;-17.43;-53.03;-75.02;-114.88
0.063;-80.00;-80.00;-80.00;-80.00;-80.00;-80.00;-80.00;-80.00;-80.00;-80.00;-80.00;-80.00;-80.00;-80.00;-80.00;-80.00;-80.00;-80.00;-80.00;-80.00;-80.00;-80.00;-80.00;-80.00;-80.00;-80.00;-80.00;-80.00;-80.00;-80.00;-80.00;-80.00;-51.25;-67.26;-157.85;-80.64;-45.43;-71.43;-236.04;-9.27;25.80;-146.85;-79.79;-86.30;-94.10;-57.66;-106.76;26.49;-96.14;-76.69;-77.20;-64.60;-28.14;-114.73;-172.42;-78.57;-83.38;-131.29;-163.74;-143.92;-72.14;-61.82;-89.35;-22.52
0.079;-80.00;-80.00;-80.00;-80.00;-80.00;-80.00;-80.00;-80.00;-80.00;-80.00;-80.00;-80.00;-80.00;-80.00;-80.00;-80.00;-80.00;-80.00;-80.00;-80.00;-80.00;-80.00;-80.00;-80.00;-80.00;-80.00;-80.00;-80.00;-80.00;-80.00;-80.00;-80.00;-98.31;-122.40;-22.87;-80.24;-92.37;25.07;-29.88;-112.14;-94.01;-34.87;-42.24;22.51;-78.58;-97.05;-101.54;-55.17;-111.73;-88.16;-32.31;-76.95;-112.28;-64.09;-105.03;-39.59;-27.87;-74.05;-38.29;-31.27;-57.96;-50.91;-31.49;-121.22
0.095;-80.00;-80.00;-80.00;-80.00;-80.00;-80.00;-80.00;-80.00;-80.00;-80.00;-80.00;-80.00;-80.00;-80.00;-80.00;-80.00;-80.00;-80.00;-80.00;-80.00;-80.00;-80.00;-80.00;-80.00;-80.00;-80.00;-80.00;-80.00;-80.00;-80.00;-80.00;-80.00;-17.97;-61.97;-171.53;-45.42;-96.97;-61.12;-32.56;-98.17;-90.59;-10.52;-17.95;7.25;-66.62;-75.11;-135.04;-94.60;-81.80;-32.34;-92.98;-106.12;-59.21;-29.29;-5.55;-63.16;-96.51;-46.75;-117.28;-43.55;-77.61;-65.23;-37.11;-27.29
0.111;-80.00;-80.00;-80.00;-80.00;-80.00;-80.00;-80.00;-80.00;-80.00;-80.00;-80.00;-80.00;-80.00;-80.00;-80.00;-80.00;-80.00;-80.00;-80.00;-80.00;-80.00;-80.00;-80.00;-80.00;-80.00;-80.00;-80.00;-80.00;-80.00;-80.00;-80.00;-80.00;-73.95;-47.12;-11.66;-89.17;-74.58;-13.83;-9.50;-40.66;-202.56;3.59;-69.94;-87.97;-33.88;-135.68;-128.61;-73.77;-52.33;-42.25;-66.30;-140.19;-148.58;-94.56;-60.75;-131.50;7.29;-86.33;-47.83;-73.56;-80.35;-82.32;-96.97;23.05
0.127;-80.00;-80.00;-80.00;-80.00;-80.00;-80.00;-80.00;-80.00;-80.00;-80.00;-80.00;-80.00;-80.00;-80.00;-80.00;-80.00;-80.00;-80.00;-80.00;-80.00;-80.00;-80.00;-80.00;-80.00;-80.00;-80.00;-80.00;-80.00;-80.00;-80.00;-80.00;-80.00;-50.99;-62.31;-68.47;-145.46;-89.68;-35.77;-121.49;-114.87;-182.42;-66.56;-70.30;-48.77;-116.04;-32.78;-128.07;-67.77;-67.32;-69.91;-70.99;-103.18;-66.87;-72.35;-26.02;-68.50;-183.53;-80.11;-70.56;-86.58;-118.80;-30.45;36.42;-117.15
0.143;-80.00;-80.00;-80.00;-80.00;-80.00;-80.00;-80.00;-80.00;-80.00;-80.00;-80.00;-80.00;-80.00;-80.00;-80.00;-80.00;-80.00;-80.00;-80.00;-80.00;-80.00;-80.00;-80.00;-80.00;-80.00;-80.00;-80.00;-80.00;-80.00;-80.00;-80.00;-80.00;-48.80;-70.65;-160.18;-84.25;-106.30;-111.66;-133.06;-70.49;-13.52;-19.68;-57.01;-150.76;-93.66;-47.46;-112.08;-46.14;-58.89;-66.72;-106.52;-67.24;-21.91;-161.64;-105.38;-79.08;-125.52;-81.04;12.28;-86.26;-106.87;-69.56;-99.44;-23.80
0.158;-89.76;-91.07;-91.20;-91.05;-88.15;-100.54;-102.41;-94.31;-98.91;-86.81;-83.59;-86.57;-89.11;-96.97;-100.12;-88.86;-93.18;-82.89;-95.63;-94.22;-99.01;-92.29;-99.83;-98.14;-108.80;-86.68;-94.83;-103.37;-92.72;-98.03;-92.75;-95.36;-94.05;-50.63;-9.46;-75.74;-66.90;-77.71;-45.00;-54.00;-66.94;-123.18;-74.52;-23.34;-85.17;-146.26;-112.00;-95.76;-115.49;-22.87;-84.35;-115.62;-75.51;-48.31;-116.33;-105.19;-149.79;-133.97;-135.59;-110.81;-94.03;-150.61;-104.77;-178.42
0.174;-70.24;-68.93;-68.80;-68.95;-71.85;-59.46;-57.59;-65.69;-61.09;-73.19;-76.41;-73.43;-70.89;-63.03;-59.88;-71.14;-66.82;-77.11;-64.37;-65.78;-60.99;-67.71;-60.17;-61.86;-51.20;-73.32;-65.17;-56.63;-67.28;-61.97;-67.25;-64.64;-113.67;-50.08;-15.43;-90.48;-76.18;-30.98;-64.24;-45.96;-66.83;-119.45;-53.21;-83.80;-50.45;-60.65;-84.99;-92.87;-73.89;-57.12;-22.18;-53.92;-69.20;-116.24;-68.21;-69.19;79.09;-100.25;-71.11;-109.93;-60.61;-49.66;-166.99;-110.17
0.190;-80.00;-80.00;-80.00;-80.00;-80.00;-80.00;-80.00;-80.00;-80.00;-80.00;-80.00;-80.00;-80.00;-80.00;-80.00;-80.00;-80.00;-80.00;-80.00;-80.00;-80.00;-80.00;-80.00;-80.00;-80.00;-80.00;-80.00;-80.00;-80.00;-80.00;-80.00;-80.00;-37.47;-75.26;-140.99;-63.73;-81.75;-113.15;13.18;-203.72;-96.91;-45.45;-30.78;-59.91;-60.15;-105.61;-65.50;-184.94;-53.25;-60.65;-93.11;31.01;-40.72;-55.50;-122.45;-154.37;-60.82;-97.71;-73.42;-89.47;-96.42;-77.61;-28.29;-7.48
0.206;-80.00;-80.00;-80.00;-80.00;-80.00;-80.00;-80.00;-80.00;-80.00;-80.00;-80.00;-80.00;-80.00;-80.00;-80.00;-80.00;-80.00;-80.00;-80.00;-80.00;-80.00;-80.00;-80.00;-80.00;-80.00;-80.00;-80.00;-80.00;-80.00;-80.00;-80.00;-80.00;-95.25;-70.91;-126.75;-71.87;-81.07;-70.13;-37.02;-63.15;-39.12;-67.86;-95.20;-86.66;-80.94;-106.09;-145.05;-77.60;-86.78;-57.35;-133.76;-79.68;-96.20;-59.79;-0.81;-76.30;-149.88;-72.63;-52.88;-18.11;-86.07;-147.61;-56.98;-138.42
0.222;-80.00;-80.00;-80.00;-80.00;-80.00;-80.00;-80.00;-80.00;-80.00;-80.00;-80.00;-80.00;-80.00;-80.00;-80.00;-80.00;-80.00;-80.00;-80.00;-80.00;-80.00;-80.00;-80.00;-80.00;-80.00;-80.00;-80.00;-80.00;-80.00;-80.00;-80.00;-80.00;-86.63;-72.57;13.95;-81.03;-128.73;-83.28;-122.01;-194.33;-99.89;-68.79;-56.57;-35.33;-59.66;-161.56;-64.22;-18.30;-37.51;-116.93;-8.14;23.85;-49.28;-89.96;-109.79;-74.50;-101.77;-62.37;-82.76;-73.46;-111.43;-64.16;-127.89;-37.64
0.238;-80.00;-80.00;-80.00;-80.00;-80.00;-80.00;-80.00;-80.00;-80.00;-80.00;-80.00;-80.00;-80.00;-80.00;-80.00;-80.00;-80.00;-80.00;-80.00;-80.00;-80.00;-80.00;-80.00;-80.00;-80.00;-80.00;-80.00;-80.00;-80.00;-80.00;-80.00;-80.00;-121.22;-113.77;-17.53;-156.98;-68.28;-94.36;-248.64;-145.22;-172.92;-26.54;-62.98;-78.65;-53.88;-50.24;-91.43;-145.06;-130.75;-110.26;-24.25;-126.66;-128.57;-5.30;-70.12;-95.58;-77.82;-41.89;-43.25;-92.33;-48.71;-102.47;-99.86;-196.00
0.253;-73.70;-72.86;-72.77;-72.87;-74.74;-66.75;-65.54;-70.76;-67.80;-75.61;-77.69;-75.76;-74.13;-69.05;-67.02;-74.28;-71.50;-78.13;-69.92;-70.83;-67.73;-72.07;-67.21;-68.30;-61.42;-75.69;-70.43;-64.92;-71.79;-68.37;-71.77;-70.09;-51.21;-86.76;17.22;-80.69;-60.37;-68.55;-41.99;6.31;-26.32;13.78;-182.29;-30.05;-52.35;-103.58;-101.58;-171.92;-42.60;-81.34;-136.54;-107.14;-150.50;-147.97;-41.09;-45.47;-127.59;-126.18;58.15;-91.49;-43.51;-72.57;-13.12;-110.41
0.269;-73.70;-72.86;-72.77;-72.87;-74.74;-66.75;-65.54;-70.76;-67.80;-75.61;-77.69;-75.76;-74.13;-69.05;-67.02;-74.28;-71.50;-78.13;-69.92;-70.83;-67.73;-72.07;-67.21;-68.30;-61.42;-75.69;-70.43;-64.92;-71.79;-68.37;-71.77;-70.09;-87.24;-45.25;-34.29;-79.71;-26.25;-20.81;115.21;-3.52;-80.51;-104.78;-95.15;-48.24;-54.78;-25.80;-16.94;26.46;2.82;-94.76;-39.03;-79.20;-131.30;-141.27;-64.89;-62.23;-91.67;-94.91;-164.64;-51.94;-13.55;-108.46;-135.78;68.31
0.285;-86.30;-87.14;-87.23;-87.13;-85.26;-93.25;-94.46;-89.24;-92.20;-84.39;-82.31;-84.24;-85.87;-90.95;-92.98;-85.72;-88.50;-81.87;-90.08;-89.17;-92.27;-87.93;-92.79;-91.70;-98.58;-84.31;-89.57;-95.08;-88.21;-91.63;-88.23;-89.91;-94.21;-77.00;-65.80;-99.88;-63.94;-138.57;15.46;-32.17;-29.19;-148.51;-140.21;-155.06;-75.06;-83.82;-27.11;-78.28;-81.38;-96.83;-47.84;-104.83;-92.15;-79.97;-100.45;-138.12;-72.01;-77.20;-85.50;-72.77;-41.33;-158.73;-72.02;-137.30
0.301;-86.30;-87.14;-87.23;-87.13;-85.26;-93.25;-94.46;-89.24;-92.20;-84.39;-82.31;-84.24;-85.87;-90.95;-92.98;-85.72;-88.50;-81.87;-90.08;-89.17;-92.27;-87.93;-92.79;-91.70;-98.58;-84.31;-89.57;-95.08;-88.21;-91.63;-88.23;-89.91;-82.30;-88.44;-83.29;-84.37;-82.42;-119.08;-94.41;-78.79;-145.19;-88.70;-34.61;-113.08;-78.32;-66.88;-88.51;-7.37;-52.89;-170.73;-145.62;-55.68;-91.12;15.00;-115.52;-91.64;-175.63;-14.24;-103.98;-68.72;-82.00;-55.16;-48.39;-76.20
0.317;-80.00;-80.00;-80.00;-80.00;-80.00;-80.00;-80.00;-80.00;-80.00;-80.00;-80.00;-80.00;-80.00;-80.00;-80.00;-80.00;-80.00;-80.00;-80.00;-80.00;-80.00;-80.00;-80.00;-80.00;-80.00;-80.00;-80.00;-80.00;-80.00;-80.00;-80.00;-80.00;-11.97;-94.02;-112.13;-53.90;-24.35;-44.19;-55.55;-49.54;-61.62;-83.04;-59.31;-64.99;-37.09;-100.30;-97.47;42.41;-69.98;-72.70;-25.82;-97.97;-94.48;-76.03;-136.88;-17.60;-157.19;-96.49;-82.58;-100.57;-69.18;-53.01;-65.36;-116.94
0.333;-80.00;-80.00;-80.00;-80.00;-80.00;-80.00;-80.00;-80.00;-80.00;-80.00;-80.00;-80.00;-80.00;-80.00;-80.00;-80.00;-80.00;-80.00;-80.00;-80.00;-80.00;-80.00;-80.00;-80.00;-80.00;-80.00;-80.00;-80.00;-80.00;-80.00;-80.00;-80.00;-84.96;-122.31;-107.15;-84.29;-124.12;-166.38;-269.34;-90.51;-131.20;-14.06;-46.19;-94.90;-34.57;-90.20;-36.69;-207.19;-121.42;-84.13;-49.53;-116.22;-74.41;-51.76;-91.68;-59.24;-100.54;-79.38;-141.29;-93.58;-79.75;-46.12;-102.76;-71.39
0.349;-80.00;-80.00;-80.00;-80.00;-80.00;-80.00;-80.00;-80.00;-80.00;-80.00;-80.00;-80.00;-80.00;-80.00;-80.00;-80.00;-80.00;-80.00;-80.00;-80.00;-80.00;-80.00;-80.00;-80.00;-80.00;-80.00;-80.00;-80.00;-80.00;-80.00;-80.00;-80.00;-82.10;-103.51;-127.11;-97.03;-69.70;-99.30;-185.63;-101.39;-157.92;-40.19;-52.53;-128.48;-69.82;-171.63;-24.04;-75.34;-83.73;-110.64;-163.60;-82.10;-100.44;-92.57;-47.55;-113.19;-40.27;-96.43;-89.85;-54.43;-99.62;-22.46;-89.65;-113.18
0.364;-80.00;-80.00;-80.00;-80.00;-80.00;-80.00;-80.00;-80.00;-80.00;-80.00;-80.00;-80.00;-80.00;-80.00;-80.00;-80.00;-80.00;-80.00;-80.00;-80.00;-80.00;-80.00;-80.00;-80.00;-80.00;-80.00;-80.00;-80.00;-80.00;-80.00;-80.00;-80.00;-126.19;-71.06;-108.71;-96.90;-72.66;-58.72;86.22;-63.73;8.01;-42.72;-106.99;-135.87;-112.96;-79.05;-140.70;-113.54;-31.01;-40.81;-66.16;-108.93;-102.32;-42.28;-81.40;-73.96;-4.92;-40.37;-126.71;-97.94;-123.30;-59.34;-31.39;28.84
0.380;-80.00;-80.00;-80.00;-80.00;-80.00;-80.00;-80.00;-80.00;-80.00;-80.00;-80.00;-80.00;-80.00;-80.00;-80.00;-80.00;-80.00;-80.00;-80.00;-80.00;-80.00;-80.00;-80.00;-80.00;-80.00;-80.00;-80.00;-80.00;-80.00;-80.00;-80.00;-80.00;-105.18;-55.77;-90.80;-7.26;-31.76;-50.62;-80.07;-12.83;-45.60;-125.84;-40.35;-74.62;-84.46;43.90;-15.70;-110.06;-97.71;-35.09;-69.60;-131.78;-77.14;-70.50;-47.42;-54.00;-42.30;-62.30;-100.22;-91.83;-60.10;-72.96;-73.33;-53.29
0.396;-80.00;-80.00;-80.00;-80.00;-80.00;-80.00;-80.00;-80.00;-80.00;-80.00;-80.00;-80.00;-80.00;-80.00;-80.00;-80.00;-80.00;-80.00;-80.00;-80.00;-80.00;-80.00;-80.00;-80.00;-80.00;-80.00;-80.00;-80.00;-80.00;-80.00;-80.00;-80.00;-87.16;-85.48;-103.47;-82.99;-7.70;-17.00;-105.18;-71.35;-47.67;-84.98;-56.68;-55.68;-105.81;-59.44;-81.88;-95.06;-168.29;-87.00;-65.02;-98.38;-20.80;5.14;-21.42;-60.53;-97.24;-182.75;-50.71;-127.51;-131.98;-101.61;7.29;-154.81
0.412;-80.00;-80.00;-80.00;-80.00;-80.00;-80.00;-80.00;-80.00;-80.00;-80.00;-80.00;-80.00;-80.00;-80.00;-80.00;-80.00;-80.00;-80.00;-80.00;-80.00;-80.00;-80.00;-80.00;-80.00;-80.00;-80.00;-80.00;-80.00;-80.00;-80.00;-80.00;-80.00;-77.66;-43.75;-46.91;-86.40;-113.96;-126.49;-59.14;-34.40;-58.89;-88.36;-101.06;-68.28;-96.01;-97.41;-88.82;4.77;-65.63;-37.35;-129.22;-101.88;-75.82;-159.37;-80.15;-171.90;22.87;-28.20;-69.03;-73.10;-86.36;-117.47;-182.99;-182.45
0.428;-80.00;-80.00;-80.00;-80.00;-80.00;-80.00;-80.00;-80.00;-80.00;-80.00;-80.00;-80.00;-80.00;-80.00;-80.00;-80.00;-80.00;-80.00;-80.00;-80.00;-80.00;-80.00;-80.00;-80.00;-80.00;-80.00;-80.00;-80.00;-80.00;-80.00;-80.00;-80.00;-180.71;-86.21;-134.50;-35.87;-96.98;-125.70;-105.71;-83.50;-21.91;-130.31;-126.56;-76.89;-79.17;-139.13;-109.32;-57.02;-56.40;-89.32;-89.80;-51.20;-6.82;-32.98;-65.25;-28.32;-121.03;-47.18;-194.31;-43.89;-96.29;-156.85;-128.12;-84.21
0.444;-80.00;-80.00;-80.00;-80.00;-80.00;-80.00;-80.00;-80.00;-80.00;-80.00;-80.00;-80.00;-80.00;-80.00;-80.00;-80.00;-80.00;-80.00;-80.00;-80.00;-80.00;-80.00;-80.00;-80.00;-80.00;-80.00;-80.00;-80.00;-80.00;-80.00;-80.00;-80.00;-76.15;-78.33;-132.49;-145.21;-142.95;-103.53;-72.39;-97.86;-84.61;-126.81;-11.71;-79.05;-111.47;-46.31;4.42;-129.65;-80.98;-110.28;-71.34;-24.22;-45.19;-75.36;-120.65;-118.50;-63.60;-140.73;-48.65;-46.89;-112.55;-53.76;-57.07;-46.41
0.459;-80.00;-80.00;-80.00;-80.00;-80.00;-80.00;-80.00;-80.00;-80.00;-80.00;-80.00;-80.00;-80.00;-80.00;-80.00;-80.00;-80.00;-80.00;-80.00;-80.00;-80.00;-80.00;-80.00;-80.00;-80.00;-80.00;-80.00;-80.00;-80.00;-80.00;-80.00;-80.00;-55.42;-119.89;-45.67;-104.44;-112.43;-107.71;-197.14;-192.94;-103.63;-59.83;-76.08;-97.89;-75.11;-80.51;-21.57;-102.59;-72.30;-100.54;-151.77;-74.78;-90.19;-207.17;-113.24;-59.08;-15.49;-125.62;-46.57;-111.01;-58.66;-110.86;-25.17;-36.21
0.475;-80.00;-80.00;-80.00;-80.00;-80.00;-80.00;-80.00;-80.00;-80.00;-80.00;-80.00;-80.00;-80.00;-80.00;-80.00;-80.00;-80.00;-80.00;-80.00;-80.00;-80.00;-80.00;-80.00;-80.00;-80.00;-80.00;-80.00;-80.00;-80.00;-80.00;-80.00;-80.00;17.89;-128.00;-108.15;-99.15;-76.51;-101.73;-114.71;-131.42;-149.82;-164.70;-66.52;-69.65;-99.22;-109.75;-119.03;-118.88;-120.64;-65.34;-88.32;-50.10;-103.56;-116.72;-127.32;-72.97;-46.93;-74.60;-71.33;-77.49;-97.67;-53.67;-91.14;-125.14
0.491;-80.00;-80.00;-80.00;-80.00;-80.00;-80.00;-80.00;-80.00;-80.00;-80.00;-80.00;-80.00;-80.00;-80.00;-80.00;-80.00;-80.00;-80.00;-80.00;-80.00;-80.00;-80.00;-80.00;-80.00;-80.00;-80.00;-80.00;-80.00;-80.00;-80.00;-80.00;-80.00;-94.29;-44.03;-46.16;-14.20;-104.77;-27.18;-16.04;-120.51;-70.90;-100.24;-213.35;-79.83;-121.31;-35.28;-55.73;-43.42;-128.17;-81.29;-44.91;-91.38;-85.46;-73.32;-53.41;-34.75;-130.50;-2.91;-67.50;-81.55;-69.95;-37.88;-147.25;2.88
0.507;-79.34;-79.25;-79.24;-79.25;-79.45;-78.60;-78.48;-79.03;-78.71;-79.54;-79.76;-79.55;-79.38;-78.85;-78.63;-79.40;-79.10;-79.80;-78.94;-79.03;-78.71;-79.16;-78.65;-78.77;-78.04;-79.55;-78.99;-78.41;-79.14;-78.77;-79.13;-78.96;-53.04;-107.65;-176.46;-86.60;-59.80;-129.02;-17.72;-135.05;-151.98;-131.37;-84.10;-70.20;-126.59;-82.25;-127.01;-175.35;-135.99;-144.44;-118.16;-28.88;-56.86;-113.13;-66.69;-52.22;25.85;-106.25;-28.97;-64.99;-60.04;-53.94;-26.89;-37.71
0.523;-24.63;-17.18;-16.45;-17.33;-33.75;36.49;47.15;1.20;27.27;-41.39;-59.66;-42.72;-28.35;16.29;34.15;-29.73;-5.22;-63.59;8.65;0.66;27.86;-10.28;32.47;22.88;83.37;-42.08;4.14;52.58;-7.85;22.26;-7.67;7.11;58.73;-55.00;101.67;-48.73;-36.99;-20.29;-1.33;-52.64;70.85;-9.83;-51.44;-33.77;-53.66;97.09;-12.19;5.20;-1.91;-47.62;51.31;50.20;42.89;18.93;-17.44;46.11;59.11;3.82;-76.53;-23.90;18.83;22.69;27.75;32.02
0.539;-21.39;-13.50;-12.73;-13.66;-31.05;43.31;54.59;5.96;33.55;-39.13;-58.47;-40.54;-25.33;21.93;40.83;-26.79;-0.84;-62.63;13.84;5.39;34.18;-6.20;39.05;28.90;92.93;-39.86;9.06;60.34;-3.63;28.25;-3.44;12.21;-54.55;8.14;-70.07;31.13;-37.97;30.78;52.20;45.46;-25.22;-85.70;-46.71;-27.24;-0.95;32.37;-58.59;-104.64;7.18;-55.52;29.75;74.15;25.17;-38.93;88.34;54.85;113.41;-48.96;-4.17;60.52;2.05;58.19;-46.20;33.16
0.554;-21.39;-13.50;-12.73;-13.66;-31.05;43.31;54.59;5.96;33.55;-39.13;-58.47;-40.54;-25.33;21.93;40.83;-26.79;-0.84;-62.63;13.84;5.39;34.18;-6.20;39.05;28.90;92.93;-39.86;9.06;60.34;-3.63;28.25;-3.44;12.21;-15.26;-5.13;25.95;-36.70;-16.94;22.93;79.46;-76.70;-97.70;-94.09;-101.06;-2.43;15.16;-19.77;126.36;-36.61;22.47;-23.28;-4.79;-35.91;72.32;-5.43;19.33;52.16;29.87;-9.30;41.05;59.15;4.20;-31.65;-13.04;-32.41
0.570;-27.90;-20.88;-20.20;-21.03;-36.48;29.62;39.65;-3.58;20.95;-43.66;-60.86;-44.92;-31.39;10.61;27.41;-32.69;-9.63;-64.56;3.42;-4.09;21.50;-14.39;25.84;16.81;73.74;-44.32;-0.82;44.76;-12.11;16.23;-11.93;1.97;38.34;10.33;17.37;-55.44;12.89;56.01;158.18;-24.39;-38.19;-65.73;-25.96;-54.59;10.44;2.20;-51.85;64.44;-16.93;-109.82;-9.58;10.38;63.06;-7.07;29.16;12.29;103.40;-44.13;6.68;-13.18;-64.87;24.57;41.86;-21.05
0.586;-27.90;-20.88;-20.20;-21.03;-36.48;29.62;39.65;-3.58;20.95;-43.66;-60.86;-44.92;-31.39;10.61;27.41;-32.69;-9.63;-64.56;3.42;-4.09;21.50;-14.39;25.84;16.81;73.74;-44.32;-0.82;44.76;-12.11;16.23;-11.93;1.97;-59.79;-21.17;-84.94;-0.41;-30.59;75.80;76.06;-32.24;26.41;-61.52;-78.56;13.11;-29.48;58.90;37.74;5.68;41.36;-39.50;-85.13;-40.29;11.39;-27.43;-84.91;-37.52;97.10;-82.54;10.58;40.74;-69.13;7.54;-37.25;83.50
0.602;-27.90;-20.88;-20.20;-21.03;-36.48;29.62;39.65;-3.58;20.95;-43.66;-60.86;-44.92;-31.39;10.61;27.41;-32.69;-9.63;-64.56;3.42;-4.09;21.50;-14.39;25.84;16.81;73.74;-44.32;-0.82;44.76;-12.11;16.23;-11.93;1.97;26.29;21.01;-39.92;-10.01;-2.51;59.62;14.94;-33.81;175.06;-55.05;-106.05;-0.25;-23.67;52.42;24.68;19.92;-50.80;-73.82;-6.76;-13.24;33.01;24.27;69.75;4.44;82.24;-129.59;20.01;19.91;-37.20;17.34;26.23;96.57
0.618;-27.90;-20.88;-20.20;-21.03;-36.48;29.62;39.65;-3.58;20.95;-43.66;-60.86;-44.92;-31.39;10.61;27.41;-32.69;-9.63;-64.56;3.42;-4.09;21.50;-14.39;25.84;16.81;73.74;-44.32;-0.82;44.76;-12.11;16.23;-11.93;1.97;-39.09;8.54;33.35;-94.13;-63.54;-59.70;11.53;-62.09;-74.91;-19.53;-54.28;-110.74;5.16;33.35;94.98;-54.77;-96.54;-142.52;-24.03;64.95;10.94;67.43;10.41;-37.99;88.90;-6.61;14.05;46.10;-89.67;27.29;40.70;17.98
0.634;-23.73;-16.15;-15.41;-16.31;-33.00;38.40;49.23;2.53;29.03;-40.76;-59.33;-42.11;-27.50;17.87;36.01;-28.91;-4.00;-63.32;10.10;1.98;29.63;-9.14;34.31;24.56;86.04;-41.46;5.51;54.75;-6.67;23.93;-6.49;8.54;-61.23;-11.73;-47.28;-29.05;-22.11;32.14;91.74;63.06;-2.88;-137.74;-39.33;-98.45;46.26;-42.50;44.34;49.72;40.12;-149.30;-50.04;-14.50;42.57;-13.60;7.94;16.17;111.63;39.43;48.58;75.23;-64.98;-24.98;-25.64;30.51
0.650;-23.73;-16.15;-15.41;-16.31;-33.00;38.40;49.23;2.53;29.03;-40.76;-59.33;-42.11;-27.50;17.87;36.01;-28.91;-4.00;-63.32;10.10;1.98;29.63;-9.14;34.31;24.56;86.04;-41.46;5.51;54.75;-6.67;23.93;-6.49;8.54;3.87;-47.60;52.16;8.83;-57.62;100.48;154.53;-44.94;36.25;33.62;-20.55;-45.48;-4.69;-7.94;19.23;-48.23;45.72;-54.92;24.63;-53.55;26.35;-29.26;38.75;51.38;38.41;-164.26;-57.78;3.80;4.18;45.61;20.14;-19.72
0.665;-23.73;-16.15;-15.41;-16.31;-33.00;38.40;49.23;2.53;29.03;-40.76;-59.33;-42.11;-27.50;17.87;36.01;-28.91;-4.00;-63.32;10.10;1.98;29.63;-9.14;34.31;24.56;86.04;-41.46;5.51;54.75;-6.67;23.93;-6.49;8.54;-68.81;-40.23;-14.78;-33.66;-66.36;-22.92;130.10;-16.36;26.74;-9.18;-26.00;-6.00;6.01;22.54;5.54;-224.69;-2.62;-68.74;-7.07;37.31;-14.10;-41.95;34.15;-29.38;36.14;-12.95;28.28;37.55;-33.43;91.31;-7.16;16.56
0.681;-23.73;-16.15;-15.41;-16.31;-33.00;38.40;49.23;2.53;29.03;-40.76;-59.33;-42.11;-27.50;17.87;36.01;-28.91;-4.00;-63.32;10.10;1.98;29.63;-9.14;34.31;24.56;86.04;-41.46;5.51;54.75;-6.67;23.93;-6.49;8.54;-28.42;-29.50;-8.93;-50.87;-60.99;51.49;-35.98;21.08;99.40;-47.12;-38.22;-70.23;-11.18;-0.86;-15.80;-76.22;21.63;-87.20;88.70;59.18;55.20;-74.60;69.93;64.23;51.07;-9.90;-30.31;97.18;1.56;51.24;95.40;-25.94
0.697;-23.73;-16.15;-15.41;-16.31;-33.00;38.40;49.23;2.53;29.03;-40.76;-59.33;-42.11;-27.50;17.87;36.01;-28.91;-4.00;-63.32;10.10;1.98;29.63;-9.14;34.31;24.56;86.04;-41.46;5.51;54.75;-6.67;23.93;-6.49;8.54;-28.87;-30.95;-62.38;-43.93;25.11;141.31;39.54;-29.90;18.85;21.13;-66.46;-79.97;-47.19;23.61;41.05;-56.11;48.49;-96.22;53.13;6.72;66.26;-56.51;70.62;-25.33;35.05;-62.89;-3.69;54.46;51.52;-71.23;17.17;23.06
0.713;-23.73;-16.15;-15.41;-16.31;-33.00;38.40;49.23;2.53;29.03;-40.76;-59.33;-42.11;-27.50;17.87;36.01;-28.91;-4.00;-63.32;10.10;1.98;29.63;-9.14;34.31;24.56;86.04;-41.46;5.51;54.75;-6.67;23.93;-6.49;8.54;-33.90;-47.87;16.38;10.45;-19.93;45.07;57.21;15.32;31.88;-20.76;-75.23;-19.81;-30.42;38.87;-5.12;-56.45;-34.06;-50.31;50.97;-31.41;60.48;0.71;51.47;2.01;16.02;-56.79;148.24;62.49;-32.26;-33.45;-36.40;30.70
0.729;-23.73;-16.15;-15.41;-16.31;-33.00;38.40;49.23;2.53;29.03;-40.76;-59.33;-42.11;-27.50;17.87;36.01;-28.91;-4.00;-63.32;10.10;1.98;29.63;-9.14;34.31;24.56;86.04;-41.46;5.51;54.75;-6.67;23.93;-6.49;8.54;-34.92;21.01;-22.96;-30.97;-25.34;26.35;-80.65;-22.68;54.11;-69.58;-88.09;-17.27;-84.87;10.36;68.63;-19.13;-0.20;-15.78;47.41;-33.89;93.25;-28.62;2.44;24.22;135.97;-85.59;20.64;55.29;-3.19;43.36;-58.87;-3.66
0.745;-23.73;-16.15;-15.41;-16.31;-33.00;38.40;49.23;2.53;29.03;-40.76;-59.33;-42.11;-27.50;17.87;36.01;-28.91;-4.00;-63.32;10.10;1.98;29.63;-9.14;34.31;24.56;86.04;-41.46;5.51;54.75;-6.67;23.93;-6.49;8.54;1.06;3.64;27.33;16.70;-46.51;45.09;-38.75;-57.56;82.69;-15.48;-29.79;-85.56;-95.98;-44.57;37.94;-70.57;7.29;5.69;-25.16;27.11;10.48;68.64;33.95;-9.18;127.78;-38.35;35.85;81.54;-63.69;10.05;30.08;12.28
0.760;-23.11;-15.45;-14.70;-15.60;-32.48;39.70;50.66;3.44;30.23;-40.32;-59.10;-41.69;-26.92;18.95;37.29;-28.34;-3.16;-63.14;11.10;2.89;30.84;-8.36;35.57;25.72;87.88;-41.04;6.46;56.24;-5.86;25.08;-5.67;9.51;41.91;-64.64;-5.17;38.27;1.38;145.29;100.14;28.31;37.15;-37.09;-75.36;-84.74;-10.83;-16.01;95.48;10.29;-53.63;-3.14;-13.92;-14.75;8.35;-35.57;36.64;29.65;96.46;-22.09;99.42;29.82;38.27;39.77;54.80;-27.71
0.776;-23.11;-15.45;-14.70;-15.60;-32.48;39.70;50.66;3.44;30.23;-40.32;-59.10;-41.69;-26.92;18.95;37.29;-28.34;-3.16;-63.14;11.10;2.89;30.84;-8.36;35.57;25.72;87.88;-41.04;6.46;56.24;-5.86;25.08;-5.67;9.51;-39.30;-11.32;-30.14;-18.21;-87.61;49.98;64.74;8.97;139.86;-53.36;10.47;2.23;-8.65;-12.85;72.30;-87.84;-47.22;-58.41;35.64;20.27;34.82;-10.40;135.00;-16.91;99.66;35.52;-57.08;82.35;37.25;90.11;-62.76;-27.98
0.792;-23.11;-15.45;-14.70;-15.60;-32.48;39.70;50.66;3.44;30.23;-40.32;-59.10;-41.69;-26.92;18.95;37.29;-28.34;-3.16;-63.14;11.10;2.89;30.84;-8.36;35.57;25.72;87.88;-41.04;6.46;56.24;-5.86;25.08;-5.67;9.51;-63.71;29.70;14.44;-70.27;-37.70;15.64;80.88;-73.25;-37.22;-71.35;-13.55;-12.98;-30.13;-3.99;-10.87;-11.75;-33.62;-29.54;92.12;-34.40;-15.53;29.37;65.46;-12.85;170.36;-78.19;17.42;94.46;5.50;-73.30;8.02;-40.63
0.808;-23.11;-15.45;-14.70;-15.60;-32.48;39.70;50.66;3.44;30.23;-40.32;-59.10;-41.69;-26.92;18.95;37.29;-28.34;-3.16;-63.14;11.10;2.89;30.84;-8.36;35.57;25.72;87.88;-41.04;6.46;56.24;-5.86;25.08;-5.67;9.51;-57.21;19.97;-85.88;17.77;-66.43;12.20;139.18;131.26;29.73;58.64;-92.17;-49.57;-58.91;15.06;115.37;-13.68;-4.65;-54.01;78.34;13.46;99.99;32.40;94.40;7.67;60.11;20.90;-24.24;70.82;-6.74;27.48;4.97;68.64
0.824;-32.91;-26.57;-25.96;-26.71;-40.67;19.07;28.13;-10.94;11.23;-47.16;-62.70;-48.30;-36.07;1.89;17.07;-37.25;-16.40;-66.04;-4.61;-11.40;11.73;-20.71;15.65;7.49;58.94;-47.75;-8.45;32.75;-18.64;6.97;-18.49;-5.92;-29.91;-14.30;16.50;18.68;-91.37;36.58;7.74;41.10;15.85;-85.86;-111.30;-51.91;3.05;81.80;83.20;58.99;21.88;-38.10;48.75;-15.42;7.90;-15.42;155.92;24.27;147.56;-69.64;-62.35;-9.59;25.95;60.14;20.39;-6.75
0.840;-32.91;-26.57;-25.96;-26.71;-40.67;19.07;28.13;-10.94;11.23;-47.16;-62.70;-48.30;-36.07;1.89;17.07;-37.25;-16.40;-66.04;-4.61;-11.40;11.73;-20.71;15.65;7.49;58.94;-47.75;-8.45;32.75;-18.64;6.97;-18.49;-5.92;18.43;-57.93;-13.83;-58.19;-37.83;-17.68;-106.54;-36.76;57.28;-23.56;-76.93;-25.70;-40.73;59.80;31.46;-79.35;-89.91;-17.60;8.71;-37.42;90.74;35.05;14.09;14.43;98.06;-16.54;-15.71;32.57;-3.35;76.12;-97.32;-75.14
0.856;-32.91;-26.57;-25.96;-26.71;-40.67;19.07;28.13;-10.94;11.23;-47.16;-62.70;-48.30;-36.07;1.89;17.07;-37.25;-16.40;-66.04;-4.61;-11.40;11.73;-20.71;15.65;7.49;58.94;-47.75;-8.45;32.75;-18.64;6.97;-18.49;-5.92;3.31;-51.17;15.95;-29.93;-10.36;13.95;-117.22;-71.29;21.05;-63.38;-135.86;-54.76;-74.97;-24.74;21.76;21.80;2.34;-36.65;-5.56;-17.28;-7.84;-29.92;117.77;24.39;64.62;-70.73;-20.98;2.72;-18.18;-3.90;30.82;-25.02
0.871;-32.91;-26.57;-25.96;-26.71;-40.67;19.07;28.13;-10.94;11.23;-47.16;-62.70;-48.30;-36.07;1.89;17.07;-37.25;-16.40;-66.04;-4.61;-11.40;11.73;-20.71;15.65;7.49;58.94;-47.75;-8.45;32.75;-18.64;6.97;-18.49;-5.92;-60.67;-26.14;8.59;-33.04;-11.19;34.31;-43.45;-8.73;6.80;-57.64;-47.44;-97.11;-57.25;-65.73;21.82;18.22;32.30;-115.99;43.77;-15.95;17.42;-24.17;-6.79;68.43;2.60;-126.89;-27.32;33.69;-27.31;20.67;-32.08;11.24
0.887;-28.01;-21.01;-20.33;-21.15;-36.57;29.39;39.39;-3.75;20.73;-43.74;-60.90;-44.99;-31.50;10.42;27.18;-32.80;-9.78;-64.59;3.24;-4.26;21.28;-14.53;25.61;16.61;73.41;-44.39;-1.00;44.49;-12.25;16.02;-12.08;1.80;-96.37;-41.68;-59.03;-109.57;-55.72;67.27;-91.47;32.32;124.56;-106.41;-123.54;-21.16;-82.07;20.71;37.63;8.29;14.84;-104.07;-36.93;-85.85;45.62;-26.68;-40.39;13.85;39.88;-45.67;46.82;29.36;33.22;-28.08;-70.95;26.63
0.903;-28.01;-21.01;-20.33;-21.15;-36.57;29.39;39.39;-3.75;20.73;-43.74;-60.90;-44.99;-31.50;10.42;27.18;-32.80;-9.78;-64.59;3.24;-4.26;21.28;-14.53;25.61;16.61;73.41;-44.39;-1.00;44.49;-12.25;16.02;-12.08;1.80;-29.73;-28.99;16.11;-63.24;-74.87;43.04;-26.19;-59.68;-41.13;-16.48;-135.26;-112.34;-12.57;5.67;28.38;-16.13;-7.62;-79.51;-22.12;-80.30;11.66;-63.85;-22.65;64.44;76.44;-25.73;21.01;57.32;-16.36;46.91;-38.73;-32.76
0.919;-28.01;-21.01;-20.33;-21.15;-36.57;29.39;39.39;-3.75;20.73;-43.74;-60.90;-44.99;-31.50;10.42;27.18;-32.80;-9.78;-64.59;3.24;-4.26;21.28;-14.53;25.61;16.61;73.41;-44.39;-1.00;44.49;-12.25;16.02;-12.08;1.80;21.13;-23.56;-99.53;-18.26;-5.59;-0.98;34.58;-48.48;-5.45;-48.06;-106.17;5.17;-68.67;-23.62;5.34;39.39;13.31;-123.48;-1.23;43.41;-41.04;-57.71;-20.44;21.64;27.46;-13.50;48.05;79.59;-25.83;106.34;-56.52;9.43
0.935;-28.01;-21.01;-20.33;-21.15;-36.57;29.39;39.39;-3.75;20.73;-43.74;-60.90;-44.99;-31.50;10.42;27.18;-32.80;-9.78;-64.59;3.24;-4.26;21.28;-14.53;25.61;16.61;73.41;-44.39;-1.00;44.49;-12.25;16.02;-12.08;1.80;-68.45;-14.13;2.64;-55.17;-72.46;10.59;133.23;25.64;119.91;-31.83;-88.66;-27.07;-12.26;2.98;91.35;-120.31;16.50;-63.39;49.65;41.52;4.56;0.51;17.54;4.67;133.72;-14.53;-10.24;32.05;-7.97;33.08;23.33;25.00
0.951;-28.01;-21.01;-20.33;-21.15;-36.57;29.39;39.39;-3.75;20.73;-43.74;-60.90;-44.99;-31.50;10.42;27.18;-32.80;-9.78;-64.59;3.24;-4.26;21.28;-14.53;25.61;16.61;73.41;-44.39;-1.00;44.49;-12.25;16.02;-12.08;1.80;-11.57;-5.79;-97.93;11.87;-13.58;63.33;-162.65;-1.31;11.43;-70.90;-25.96;6.89;-39.21;6.16;47.89;-48.77;-35.79;-84.36;21.70;5.41;42.48;-34.07;-43.84;0.66;43.75;-30.37;-8.13;91.95;-47.26;77.54;8.21;20.57
0.966;-28.01;-21.01;-20.33;-21.15;-36.57;29.39;39.39;-3.75;20.73;-43.74;-60.90;-44.99;-31.50;10.42;27.18;-32.80;-9.78;-64.59;3.24;-4.26;21.28;-14.53;25.61;16.61;73.41;-44.39;-1.00;44.49;-12.25;16.02;-12.08;1.80;-29.48;-36.08;5.93;-54.27;2.97;11.86;-56.84;-23.06;-30.82;-54.76;-8.78;-8.78;-60.07;59.40;-21.09;-88.89;22.53;-91.12;39.71;-72.24;33.48;-38.32;6.58;32.86;132.31;-59.91;5.41;71.64;-47.86;6.16;-13.13;14.81
0.982;-28.01;-21.01;-20.33;-21.15;-36.57;29.39;39.39;-3.75;20.73;-43.74;-60.90;-44.99;-31.50;10.42;27.18;-32.80;-9.78;-64.59;3.24;-4.26;21.28;-14.53;25.61;16.61;73.41;-44.39;-1.00;44.49;-12.25;16.02;-12.08;1.80;-6.83;-32.73;1.08;56.90;-30.77;15.22;198.68;-32.41;-29.79;-67.12;-45.17;-29.37;-10.09;27.32;9.18;-1.22;42.84;-83.40;-88.16;-7.61;-2.42;1.57;-35.91;11.98;113.82;-40.39;53.71;77.33;33.46;43.28;-69.22;10.03
0.998;-28.01;-21.01;-20.33;-21.15;-36.57;29.39;39.39;-3.75;20.73;-43.74;-60.90;-44.99;-31.50;10.42;27.18;-32.80;-9.78;-64.59;3.24;-4.26;21.28;-14.53;25.61;16.61;73.41;-44.39;-1.00;44.49;-12.25;16.02;-12.08;1.80;-28.32;-19.35;-73.43;-47.64;-38.79;-21.93;183.01;-56.91;131.12;-33.83;-70.53;-111.27;49.20;4.75;39.44;-4.70;-9.77;-76.71;-23.08;37.31;49.01;-96.45;-9.50;84.42;123.16;-99.16;-61.39;-2.52;9.41;11.44;-54.13;2.61
1.014;-30.08;-23.36;-22.71;-23.50;-38.31;25.02;34.63;-6.79;16.71;-45.19;-61.67;-46.39;-33.43;6.81;22.91;-34.68;-12.58;-65.21;-0.08;-7.28;17.24;-17.15;21.40;12.75;67.29;-45.81;-4.15;39.53;-14.96;12.19;-14.79;-1.47;-69.35;27.56;74.00;0.34;-63.34;9.51;-100.54;-65.43;32.69;-78.62;25.77;-27.87;-32.84;-69.48;-3.55;-92.21;-1.65;-117.77;64.71;-39.80;21.48;-51.45;-26.52;50.09;80.43;-104.07;-19.09;38.69;-63.75;-16.67;-91.77;26.42
1.030;-30.08;-23.36;-22.71;-23.50;-38.31;25.02;34.63;-6.79;16.71;-45.19;-61.67;-46.39;-33.43;6.81;22.91;-34.68;-12.58;-65.21;-0.08;-7.28;17.24;-17.15;21.40;12.75;67.29;-45.81;-4.15;39.53;-14.96;12.19;-14.79;-1.47;-57.55;-33.95;38.73;-46.22;-110.44;-22.62;40.59;-43.48;-29.75;-109.77;-6.36;99.04;-44.64;43.65;-5.33;-45.06;-31.31;-113.02;-14.72;11.17;24.43;9.41;14.38;28.68;95.82;-75.01;-90.33;53.74;0.33;-62.78;-72.17;-11.77
1.046;-30.08;-23.36;-22.71;-23.50;-38.31;25.02;34.63;-6.79;16.71;-45.19;-61.67;-46.39;-33.43;6.81;22.91;-34.68;-12.58;-65.21;-0.08;-7.28;17.24;-17.15;21.40;12.75;67.29;-45.81;-4.15;39.53;-14.96;12.19;-14.79;-1.47;-4.69;1.96;-111.49;12.59;-110.65;46.66;150.82;-5.79;39.42;16.28;-88.26;43.45;-73.85;15.78;-88.83;-100.47;-5.13;-104.25;59.30;-61.38;13.83;-32.00;-8.32;24.77;64.98;-37.12;8.93;27.55;-44.91;-9.34;96.02;-10.27
1.061;-30.08;-23.36;-22.71;-23.50;-38.31;25.02;34.63;-6.79;16.71;-45.19;-61.67;-46.39;-33.43;6.81;22.91;-34.68;-12.58;-65.21;-0.08;-7.28;17.24;-17.15;21.40;12.75;67.29;-45.81;-4.15;39.53;-14.96;12.19;-14.79;-1.47;-16.00;-75.86;43.45;-38.52;-62.32;33.28;228.55;-29.70;54.77;2.87;-61.78;-121.31;-71.11;-2.03;8.02;79.71;-80.02;-73.19;-46.26;34.67;1.10;60.12;137.69;-23.21;0.86;-47.00;45.10;23.82;-48.14;39.97;-6.16;10.92
1.077;-30.08;-23.36;-22.71;-23.50;-38.31;25.02;34.63;-6.79;16.71;-45.19;-61.67;-46.39;-33.43;6.81;22.91;-34.68;-12.58;-65.21;-0.08;-7.28;17.24;-17.15;21.40;12.75;67.29;-45.81;-4.15;39.53;-14.96;12.19;-14.79;-1.47;-43.73;-43.93;17.52;-103.96;-41.21;43.26;26.97;-30.19;0.48;-28.00;-20.30;-144.25;-38.76;27.93;-50.92;-29.51;-85.13;-47.46;-21.84;44.50;36.97;16.66;62.56;59.41;102.99;37.82;95.93;69.35;-18.90;81.92;-17.77;19.82
1.093;-30.08;-23.36;-22.71;-23.50;-38.31;25.02;34.63;-6.79;16.71;-45.19;-61.67;-46.39;-33.43;6.81;22.91;-34.68;-12.58;-65.21;-0.08;-7.28;17.24;-17.15;21.40;12.75;67.29;-45.81;-4.15;39.53;-14.96;12.19;-14.79;-1.47;-82.88;-22.09;-130.83;-70.25;-53.64;56.41;163.97;-4.84;26.26;-87.82;-39.20;-49.02;-14.60;41.16;57.70;-41.86;14.98;-29.03;2.14;48.95;15.89;-33.78;55.45;59.08;106.67;-54.25;-8.48;1.80;66.33;32.27;45.68;-56.20
1.109;-30.08;-23.36;-22.71;-23.50;-38.31;25.02;34.63;-6.79;16.71;-45.19;-61.67;-46.39;-33.43;6.81;22.91;-34.68;-12.58;-65.21;-0.08;-7.28;17.24;-17.15;21.40;12.75;67.29;-45.81;-4.15;39.53;-14.96;12.19;-14.79;-1.47;3.36;-49.79;33.11;21.27;-34.86;89.30;86.85;-43.59;4.82;-22.41;-110.45;-12.47;-73.26;1.29;-19.67;-97.10;-33.99;-16.96;-50.76;32.46;-42.26;-25.82;16.70;63.28;49.76;6.26;-6.67;-14.70;24.77;20.71;39.63;-64.81
1.125;-30.08;-23.36;-22.71;-23.50;-38.31;25.02;34.63;-6.79;16.71;-45.19;-61.67;-46.39;-33.43;6.81;22.91;-34.68;-12.58;-65.21;-0.08;-7.28;17.24;-17.15;21.40;12.75;67.29;-45.81;-4.15;39.53;-14.96;12.19;-14.79;-1.47;-6.76;-22.22;-23.56;-68.54;-56.42;2.67;-43.62;-23.58;-79.75;2.44;2.59;50.94;11.58;1.16;40.45;-125.88;-30.23;-94.68;-23.18;12.23;22.29;-13.40;-4.07;64.43;105.45;-54.73;28.10;56.84;-30.15;39.18;-62.86;3.06
1.141;-30.08;-23.36;-22.71;-23.50;-38.31;25.02;34.63;-6.79;16.71;-45.19;-61.67;-46.39;-33.43;6.81;22.91;-34.68;-12.58;-65.21;-0.08;-7.28;17.24;-17.15;21.40;12.75;67.29;-45.81;-4.15;39.53;-14.96;12.19;-14.79;-1.47;5.63;-25.36;-49.63;-34.07;-9.49;-10.87;13.04;-50.67;2.73;-113.72;51.38;-50.89;-21.12;-38.13;16.15;-72.64;-25.81;-130.00;-28.85;-78.06;12.06;92.37;-75.58;20.93;43.41;-59.86;14.11;103.42;-24.56;-25.37;43.43;-32.62
1.157;-30.08;-23.36;-22.71;-23.50;-38.31;25.02;34.63;-6.79;16.71;-45.19;-61.67;-46.39;-33.43;6.81;22.91;-34.68;-12.58;-65.21;-0.08;-7.28;17.24;-17.15;21.40;12.75;67.29;-45.81;-4.15;39.53;-14.96;12.19;-14.79;-1.47;-30.68;-3.74;-53.60;-10.39;-41.95;-9.58;20.91;26.31;-20.52;-29.72;-107.09;-52.38;-40.60;10.11;24.46;-19.08;67.54;-94.31;34.11;-29.78;-31.10;12.99;-19.43;19.10;66.57;-86.98;47.16;80.09;-82.96;-18.64;3.85;112.12
1.172;-30.08;-23.36;-22.71;-23.50;-38.31;25.02;34.63;-6.79;16.71;-45.19;-61.67;-46.39;-33.43;6.81;22.91;-34.68;-12.58;-65.21;-0.08;-7.28;17.24;-17.15;21.40;12.75;67.29;-45.81;-4.15;39.53;-14.96;12.19;-14.79;-1.47;-16.88;-4.51;-30.39;-62.55;41.43;45.10;191.26;18.99;64.38;-57.32;-17.93;-94.75;-5.30;8.38;162.58;107.24;-34.21;-29.48;-35.53;28.10;-10.50;41.71;-59.81;73.04;74.95;-85.89;-63.59;88.99;-1.11;31.88;-65.57;19.50
1.188;-30.08;-23.36;-22.71;-23.50;-38.31;25.02;34.63;-6.79;16.71;-45.19;-61.67;-46.39;-33.43;6.81;22.91;-34.68;-12.58;-65.21;-0.08;-7.28;17.24;-17.15;21.40;12.75;67.29;-45.81;-4.15;39.53;-14.96;12.19;-14.79;-1.47;-7.34;-78.57;-10.55;-44.42;-23.74;48.03;-20.18;-61.95;-33.86;-10.32;-22.81;-64.10;-41.31;-47.48;-18.40;-225.42;32.91;-33.78;-89.00;18.91;13.69;48.07;67.87;41.86;79.39;-61.83;-18.69;79.26;-51.17;-36.14;-21.45;32.14
1.204;-30.08;-23.36;-22.71;-23.50;-38.31;25.02;34.63;-6.79;16.71;-45.19;-61.67;-46.39;-33.43;6.81;22.91;-34.68;-12.58;-65.21;-0.08;-7.28;17.24;-17.15;21.40;12.75;67.29;-45.81;-4.15;39.53;-14.96;12.19;-14.79;-1.47;-22.86;31.57;-1.28;-3.03;-88.13;93.28;119.83;22.91;64.72;-6.27;-58.80;-8.30;-66.43;0.34;28.91;-4.70;15.95;-49.06;-13.14;75.48;37.16;35.40;7.54;-47.57;80.09;-43.44;-49.08;102.66;-49.51;13.89;36.20;78.52
1.220;-30.08;-23.36;-22.71;-23.50;-38.31;25.02;34.63;-6.79;16.71;-45.19;-61.67;-46.39;-33.43;6.81;22.91;-34.68;-12.58;-65.21;-0.08;-7.28;17.24;-17.15;21.40;12.75;67.29;-45.81;-4.15;39.53;-14.96;12.19;-14.79;-1.47;8.05;4.82;-101.46;3.97;-2.46;23.98;43.56;-1.49;14.89;5.88;-113.14;-49.41;3.88;85.85;-29.29;-64.99;11.99;-58.66;-11.91;13.96;29.44;-31.72;59.98;85.12;34.64;-3.53;-36.34;45.79;57.02;21.39;-15.98;-91.71
1.236;-30.08;-23.36;-22.71;-23.50;-38.31;25.02;34.63;-6.79;16.71;-45.19;-61.67;-46.39;-33.43;6.81;22.91;-34.68;-12.58;-65.21;-0.08;-7.28;17.24;-17.15;21.40;12.75;67.29;-45.81;-4.15;39.53;-14.96;12.19;-14.79;-1.47;-14.21;-78.54;-9.48;-56.36;-86.71;-63.30;-45.92;-4.37;-23.88;13.83;-129.11;-1.24;-72.81;19.22;58.28;-14.44;-73.09;-92.49;-19.52;5.26;58.46;-1.72;98.58;34.99;63.17;-44.16;13.92;101.54;14.09;5.95;-47.84;32.56
1.252;-30.08;-23.36;-22.71;-23.50;-38.31;25.02;34.63;-6.79;16.71;-45.19;-61.67;-46.39;-33.43;6.81;22.91;-34.68;-12.58;-65.21;-0.08;-7.28;17.24;-17.15;21.40;12.75;67.29;-45.81;-4.15;39.53;-14.96;12.19;-14.79;-1.47;-7.06;-76.85;6.06;-20.35;-18.04;-1.50;-133.12;-25.20;-69.18;-135.84;-43.09;-22.46;-29.65;36.17;33.54;-92.43;-1.71;-138.25;31.33;74.46;86.82;-9.13;41.20;72.43;62.59;-58.18;33.57;32.34;-37.26;-106.33;109.14;-54.93
1.267;-22.32;-14.55;-13.80;-14.72;-31.82;41.36;52.46;4.59;31.75;-39.78;-58.81;-41.16;-26.19;20.31;38.91;-27.63;-2.10;-62.90;12.35;4.03;32.37;-7.37;37.17;27.18;90.19;-40.50;7.65;58.12;-4.84;26.53;-4.65;10.75;-29.58;-26.91;24.19;28.02;-52.82;84.59;99.22;36.45;17.05;21.66;0.23;-37.55;-98.26;57.89;94.13;-6.51;68.59;-75.36;-39.72;-30.32;38.28;-52.40;-55.16;10.77;96.91;-82.81;38.83;52.77;11.75;51.42;-7.45;13.05
1.283;-22.32;-14.55;-13.80;-14.72;-31.82;41.36;52.46;4.59;31.75;-39.78;-58.81;-41.16;-26.19;20.31;38.91;-27.63;-2.10;-62.90;12.35;4.03;32.37;-7.37;37.17;27.18;90.19;-40.50;7.65;58.12;-4.84;26.53;-4.65;10.75;-6.99;-44.15;-52.32;12.31;-29.04;5.73;97.22;101.27;116.45;-72.96;-60.13;-34.51;-40.00;-37.80;53.40;-53.74;-24.01;-68.28;-44.13;-27.36;33.39;75.07;12.26;13.06;111.08;-47.86;43.57;160.16;26.63;37.72;98.51;-16.40
1.299;-22.32;-14.55;-13.80;-14.72;-31.82;41.36;52.46;4.59;31.75;-39.78;-58.81;-41.16;-26.19;20.31;38.91;-27.63;-2.10;-62.90;12.35;4.03;32.37;-7.37;37.17;27.18;90.19;-40.50;7.65;58.12;-4.84;26.53;-4.65;10.75;-36.73;34.37;-40.38;-86.64;-1.84;51.08;56.40;3.22;23.72;23.19;-0.44;-33.04;-3.85;-7.63;69.11;-56.96;-91.19;-86.28;45.34;-51.18;24.73;-26.10;110.85;1.06;103.95;-95.19;60.18;8.02;-38.48;22.52;93.23;-60.63
1.315;-22.32;-14.55;-13.80;-14.72;-31.82;41.36;52.46;4.59;31.75;-39.78;-58.81;-41.16;-26.19;20.31;38.91;-27.63;-2.10;-62.90;12.35;4.03;32.37;-7.37;37.17;27.18;90.19;-40.50;7.65;58.12;-4.84;26.53;-4.65;10.75;-90.14;-45.21;-98.06;-28.95;-47.05;94.02;-42.29;-47.45;27.70;-19.49;-76.95;-42.50;43.00;33.08;-13.39;-35.11;6.39;-61.76;39.39;-40.14;46.69;32.51;157.16;38.45;104.73;-52.62;-50.38;64.01;-51.09;19.85;0.70;56.07
1.331;-22.32;-14.55;-13.80;-14.72;-31.82;41.36;52.46;4.59;31.75;-39.78;-58.81;-41.16;-26.19;20.31;38.91;-27.63;-2.10;-62.90;12.35;4.03;32.37;-7.37;37.17;27.18;90.19;-40.50;7.65;58.12;-4.84;26.53;-4.65;10.75;64.70;44.68;19.60;32.22;-34.39;66.51;148.96;40.81;-40.10;-48.42;-71.84;-36.70;-54.27;19.37;33.79;12.55;57.90;-45.50;-58.13;-1.11;53.27;11.38;45.94;-35.15;130.59;27.40;18.36;121.75;26.61;42.96;9.58;23.95
1.347;-22.32;-14.55;-13.80;-14.72;-31.82;41.36;52.46;4.59;31.75;-39.78;-58.81;-41.16;-26.19;20.31;38.91;-27.63;-2.10;-62.90;12.35;4.03;32.37;-7.37;37.17;27.18;90.19;-40.50;7.65;58.12;-4.84;26.53;-4.65;10.75;-4.54;11.72;18.74;-36.22;-33.55;28.99;-102.34;35.90;31.21;-49.51;-57.77;-59.27;-44.34;4.74;45.46;-140.17;-26.95;-53.95;-106.45;-73.29;10.50;15.27;89.77;65.01;167.91;-79.63;36.88;73.03;15.28;-116.87;-12.18;-30.51
1.362;-22.32;-14.55;-13.80;-14.72;-31.82;41.36;52.46;4.59;31.75;-39.78;-58.81;-41.16;-26.19;20.31;38.91;-27.63;-2.10;-62.90;12.35;4.03;32.37;-7.37;37.17;27.18;90.19;-40.50;7.65;58.12;-4.84;26.53;-4.65;10.75;30.24;-76.93;-55.88;-128.88;-13.95;68.21;76.82;-49.98;-16.92;25.50;-33.05;-6.25;4.87;-60.89;91.01;-39.99;7.70;-72.08;16.41;4.09;18.43;-40.68;-4.10;21.86;107.30;-55.42;110.50;74.21;24.87;58.80;-61.09;-13.24
1.378;-22.32;-14.55;-13.80;-14.72;-31.82;41.36;52.46;4.59;31.75;-39.78;-58.81;-41.16;-26.19;20.31;38.91;-27.63;-2.10;-62.90;12.35;4.03;32.37;-7.37;37.17;27.18;90.19;-40.50;7.65;58.12;-4.84;26.53;-4.65;10.75;-2.57;-23.21;32.06;-25.78;-82.87;80.32;-85.41;54.61;6.17;-6.84;-97.82;-53.80;71.91;80.54;51.83;-50.03;-116.87;-96.99;-35.62;4.84;33.89;64.24;29.22;49.83;53.55;-92.49;-62.72;-12.90;-5.57;-10.56;-65.33;46.40
1.394;-22.32;-14.55;-13.80;-14.72;-31.82;41.36;52.46;4.59;31.75;-39.78;-58.81;-41.16;-26.19;20.31;38.91;-27.63;-2.10;-62.90;12.35;4.03;32.37;-7.37;37.17;27.18;90.19;-40.50;7.65;58.12;-4.84;26.53;-4.65;10.75;-68.14;-1.99;-13.69;-17.77;-43.00;24.65;36.58;49.60;28.22;-89.15;-62.88;-47.71;-32.53;-29.24;-14.56;85.43;-12.30;-54.07;77.57;-46.31;101.83;29.76;86.06;53.23;91.94;-116.03;-18.53;143.26;-116.52;-34.84;18.99;-7.19
1.410;-22.32;-14.55;-13.80;-14.72;-31.82;41.36;52.46;4.59;31.75;-39.78;-58.81;-41.16;-26.19;20.31;38.91;-27.63;-2.10;-62.90;12.35;4.03;32.37;-7.37;37.17;27.18;90.19;-40.50;7.65;58.12;-4.84;26.53;-4.65;10.75;-57.04;-60.47;94.58;-18.14;2.12;-10.59;133.24;96.10;11.14;-137.69;-29.71;-60.43;-53.85;21.16;69.05;17.93;-8.94;-41.72;76.23;35.47;101.63;-126.10;38.42;69.04;98.16;3.63;41.17;38.17;8.49;87.50;-20.61;-66.65
1.426;-22.32;-14.55;-13.80;-14.72;-31.82;41.36;52.46;4.59;31.75;-39.78;-58.81;-41.16;-26.19;20.31;38.91;-27.63;-2.10;-62.90;12.35;4.03;32.37;-7.37;37.17;27.18;90.19;-40.50;7.65;58.12;-4.84;26.53;-4.65;10.75;43.45;49.57;-54.84;3.28;-8.69;43.33;-16.10;-97.22;-12.38;-38.83;-64.33;-51.06;-69.70;115.62;62.25;-119.30;-34.87;-42.32;74.09;50.30;10.78;48.17;60.51;4.41;200.85;-28.41;50.21;104.67;28.87;23.10;-63.54;-13.88
1.442;-22.32;-14.55;-13.80;-14.72;-31.82;41.36;52.46;4.59;31.75;-39.78;-58.81;-41.16;-26.19;20.31;38.91;-27.63;-2.10;-62.90;12.35;4.03;32.37;-7.37;37.17;27.18;90.19;-40.50;7.65;58.12;-4.84;26.53;-4.65;10.75;-98.89;25.01;-16.47;50.72;-26.99;30.11;66.53;14.49;14.54;-119.26;-69.35;-92.09;-52.58;87.59;68.56;-42.06;49.36;-97.20;68.30;-36.57;81.33;-0.50;10.63;16.62;136.53;-42.40;-5.35;24.33;36.52;95.47;13.04;62.93
1.458;-11.68;-2.48;-1.59;-2.67;-22.93;63.74;76.89;20.20;52.36;-32.36;-54.91;-34.00;-16.27;38.82;60.85;-17.97;12.27;-59.75;29.39;19.53;53.10;6.03;58.78;46.95;121.59;-33.21;23.82;83.59;9.02;46.18;9.25;27.49;-15.62;-29.96;-64.95;-37.11;-20.07;88.05;138.75;-13.61;9.03;9.39;12.55;-39.73;-16.22;28.36;92.48;-43.55;51.76;-17.86;-51.60;4.11;25.17;23.66;2.77;64.97;114.73;30.60;-40.00;113.77;-22.55;57.59;68.07;25.69
1.473;-32.96;-26.63;-26.01;-26.76;-40.71;18.97;28.03;-11.01;11.14;-47.20;-62.72;-48.33;-36.12;1.81;16.98;-37.29;-16.47;-66.06;-4.68;-11.47;11.64;-20.77;15.55;7.41;58.80;-47.78;-8.52;32.64;-18.70;6.88;-18.55;-5.99;-81.84;-21.20;-21.19;-121.64;-68.20;-62.66;59.67;79.14;-36.89;-86.36;-69.23;8.23;-28.86;-40.25;9.04;-90.19;4.85;-53.76;-44.89;14.29;2.86;7.51;-12.04;32.67;100.83;-45.07;46.72;62.88;-40.97;-20.08;2.79;66.97
1.489;-22.32;-14.55;-13.80;-14.72;-31.82;41.36;52.46;4.59;31.75;-39.78;-58.81;-41.16;-26.19;20.31;38.91;-27.63;-2.10;-62.90;12.35;4.03;32.37;-7.37;37.17;27.18;90.19;-40.50;7.65;58.12;-4.84;26.53;-4.65;10.75;-7.78;-33.90;-81.68;-27.36;8.16;44.41;-104.80;21.96;85.31;2.79;-50.22;-26.20;-19.52;-3.11;27.76;-77.54;-8.90;-48.17;-10.57;60.08;4.37;-51.06;56.31;51.22;40.88;-135.40;15.21;45.56;13.25;46.78;88.35;1.79
1.505;-22.32;-14.55;-13.80;-14.72;-31.82;41.36;52.46;4.59;31.75;-39.78;-58.81;-41.16;-26.19;20.31;38.91;-27.63;-2.10;-62.90;12.35;4.03;32.37;-7.37;37.17;27.18;90.19;-40.50;7.65;58.12;-4.84;26.53;-4.65;10.75;-13.29;-16.51;-94.08;42.47;1.26;76.96;197.12;87.55;19.24;-37.75;-40.50;-46.07;31.50;81.29;32.11;123.61;2.96;-96.77;81.78;60.34;1.52;-47.27;53.76;-27.62;0.00;-45.02;-4.62;131.87;30.10;-12.95;-49.70;48.70
1.521;-21.82;-13.99;-13.22;-14.15;-31.40;42.41;53.61;5.33;32.72;-39.43;-58.63;-40.83;-25.72;21.18;39.94;-27.18;-1.42;-62.76;13.15;4.76;33.34;-6.74;38.18;28.11;91.67;-40.16;8.41;59.32;-4.19;27.46;-4.00;11.54;-13.99;-9.40;55.10;-5.85;8.91;-1.18;13.41;-28.84;14.29;-106.50;-91.71;-61.72;-87.35;59.67;-16.05;-88.10;-52.85;-60.35;100.99;-6.15;-1.38;21.77;50.76;34.58;100.64;-37.01;2.12;49.35;-17.69;27.33;63.18;-20.75
1.537;-21.82;-13.99;-13.22;-14.15;-31.40;42.41;53.61;5.33;32.72;-39.43;-58.63;-40.83;-25.72;21.18;39.94;-27.18;-1.42;-62.76;13.15;4.76;33.34;-6.74;38.18;28.11;91.67;-40.16;8.41;59.32;-4.19;27.46;-4.00;11.54;-19.31;-14.69;24.10;-105.08;-31.84;41.08;-92.47;-64.45;3.18;-72.44;-53.09;-9.54;-17.72;1.85;-13.48;46.52;17.98;-16.71;-66.54;61.13;39.26;15.26;16.82;33.67;191.60;-4.94;58.54;135.73;-59.81;-29.07;-34.14;18.21
1.553;-21.82;-13.99;-13.22;-14.15;-31.40;42.41;53.61;5.33;32.72;-39.43;-58.63;-40.83;-25.72;21.18;39.94;-27.18;-1.42;-62.76;13.15;4.76;33.34;-6.74;38.18;28.11;91.67;-40.16;8.41;59.32;-4.19;27.46;-4.00;11.54;-44.66;23.27;-35.54;-1.13;-10.94;60.04;-68.48;64.43;21.99;28.60;-78.36;-73.20;-46.77;-10.37;117.46;-71.22;12.60;-63.74;15.45;36.45;10.73;57.94;105.85;72.92;59.15;-34.55;45.43;43.00;-13.46;122.02;10.45;45.76
1.568;-21.82;-13.99;-13.22;-14.15;-31.40;42.41;53.61;5.33;32.72;-39.43;-58.63;-40.83;-25.72;21.18;39.94;-27.18;-1.42;-62.76;13.15;4.76;33.34;-6.74;38.18;28.11;91.67;-40.16;8.41;59.32;-4.19;27.46;-4.00;11.54;-10.33;-5.91;-13.75;-7.43;-4.18;23.32;92.62;-38.03;-50.89;-3.00;-102.55;-45.35;26.02;28.56;88.89;-131.96;-19.31;-96.48;101.87;-37.48;82.84;16.14;74.67;55.81;95.60;-58.51;-1.06;120.44;-14.85;24.48;-12.57;1.14
1.584;-21.82;-13.99;-13.22;-14.15;-31.40;42.41;53.61;5.33;32.72;-39.43;-58.63;-40.83;-25.72;21.18;39.94;-27.18;-1.42;-62.76;13.15;4.76;33.34;-6.74;38.18;28.11;91.67;-40.16;8.41;59.32;-4.19;27.46;-4.00;11.54;30.66;-17.87;-43.32;-11.59;-60.55;4.34;31.23;-90.02;25.86;22.62;42.10;-116.51;-57.70;12.05;57.23;-3.29;74.71;-134.24;21.40;65.76;50.38;-36.17;28.14;10.68;167.67;-38.44;-7.49;58.36;2.84;38.23;-2.45;62.41
1.600;-21.82;-13.99;-13.22;-14.15;-31.40;42.41;53.61;5.33;32.72;-39.43;-58.63;-40.83;-25.72;21.18;39.94;-27.18;-1.42;-62.76;13.15;4.76;33.34;-6.74;38.18;28.11;91.67;-40.16;8.41;59.32;-4.19;27.46;-4.00;11.54;13.53;-39.02;-69.17;-2.36;-1.52;-5.97;91.40;-24.62;99.06;-47.13;1.57;-79.41;12.98;-72.85;39.37;-79.13;17.42;-100.11;29.86;61.19;95.07;-14.41;113.73;-8.31;31.98;12.50;-25.75;49.40;1.71;43.10;3.07;53.81
1.616;-31.08;-24.49;-23.85;-24.63;-39.14;22.93;32.35;-8.25;14.79;-45.88;-62.03;-47.06;-34.36;5.08;20.86;-35.58;-13.92;-65.50;-1.67;-8.72;15.31;-18.40;19.38;10.91;64.36;-46.49;-5.66;37.15;-16.25;10.36;-16.09;-3.03;13.54;-14.73;18.89;-13.55;-56.68;-50.95;135.62;-118.41;-60.50;-56.95;-44.07;-24.38;-19.17;29.52;-59.65;0.75;-32.13;-44.54;-33.95;64.39;6.99;-35.21;52.44;-3.21;23.06;1.07;84.73;10.95;14.20;-54.77;18.50;-15.74
1.632;-12.56;-3.48;-2.60;-3.67;-23.67;61.88;74.87;18.90;50.65;-32.97;-55.23;-34.59;-17.09;37.28;59.03;-18.77;11.08;-60.01;27.98;18.25;51.38;4.91;56.99;45.31;118.98;-33.82;22.48;81.48;7.87;44.55;8.10;26.10;-14.21;-13.60;-53.01;21.71;-6.02;59.98;86.26;2.23;2.60;-96.18;-104.68;26.31;-49.77;106.24;70.68;44.15;22.99;-70.83;46.53;27.56;62.40;2.13;26.10;20.54;80.80;-64.37;-23.71;27.78;36.50;38.26;-0.37;37.87
1.648;-21.82;-13.99;-13.22;-14.15;-31.40;42.41;53.61;5.33;32.72;-39.43;-58.63;-40.83;-25.72;21.18;39.94;-27.18;-1.42;-62.76;13.15;4.76;33.34;-6.74;38.18;28.11;91.67;-40.16;8.41;59.32;-4.19;27.46;-4.00;11.54;32.74;-115.19;5.52;-14.68;-19.25;-55.29;90.87;-36.14;32.67;-44.69;-49.42;7.86;-12.76;82.85;-70.99;-20.63;6.36;-29.05;35.55;24.70;-16.86;-48.42;-50.45;77.62;91.80;-55.96;110.54;125.78;-13.44;59.01;18.02;56.25
1.663;-21.82;-13.99;-13.22;-14.15;-31.40;42.41;53.61;5.33;32.72;-39.43;-58.63;-40.83;-25.72;21.18;39.94;-27.18;-1.42;-62.76;13.15;4.76;33.34;-6.74;38.18;28.11;91.67;-40.16;8.41;59.32;-4.19;27.46;-4.00;11.54;22.12;-106.28;48.52;-37.01;-63.95;90.73;-11.45;35.01;71.63;-53.19;-77.29;-79.07;-42.87;1.87;4.99;57.84;14.00;-121.54;-3.58;-70.18;37.62;-86.68;146.21;4.17;100.11;-107.27;29.54;79.66;-20.71;91.25;1.76;39.50
1.679;-21.82;-13.99;-13.22;-14.15;-31.40;42.41;53.61;5.33;32.72;-39.43;-58.63;-40.83;-25.72;21.18;39.94;-27.18;-1.42;-62.76;13.15;4.76;33.34;-6.74;38.18;28.11;91.67;-40.16;8.41;59.32;-4.19;27.46;-4.00;11.54;-15.06;-7.87;0.69;19.53;-14.26;57.47;11.60;33.85;94.80;-24.81;-98.21;-15.10;0.57;68.27;27.28;-98.29;-7.36;-21.82;64.58;-18.07;-28.88;-15.61;-52.98;86.05;46.25;-12.64;5.65;-23.86;25.85;49.96;-21.70;-54.24
1.695;-21.82;-13.99;-13.22;-14.15;-31.40;42.41;53.61;5.33;32.72;-39.43;-58.63;-40.83;-25.72;21.18;39.94;-27.18;-1.42;-62.76;13.15;4.76;33.34;-6.74;38.18;28.11;91.67;-40.16;8.41;59.32;-4.19;27.46;-4.00;11.54;-50.25;-25.00;-66.06;44.00;-15.92;25.11;86.09;58.60;-48.33;-60.84;45.28;-43.05;-11.06;-2.37;60.53;-107.50;-40.19;3.55;30.98;21.77;-4.44;14.23;-46.86;37.77;184.66;18.49;92.28;-11.24;-0.07;26.93;45.16;41.81
1.711;-21.82;-13.99;-13.22;-14.15;-31.40;42.41;53.61;5.33;32.72;-39.43;-58.63;-40.83;-25.72;21.18;39.94;-27.18;-1.42;-62.76;13.15;4.76;33.34;-6.74;38.18;28.11;91.67;-40.16;8.41;59.32;-4.19;27.46;-4.00;11.54;-28.35;-29.84;-20.00;-58.91;-8.65;6.54;6.53;-73.71;72.75;-40.07;-73.94;-87.11;-98.35;64.03;56.58;-51.33;-84.29;-56.86;0.41;-29.51;10.25;-49.23;14.60;5.71;121.73;-13.77;-52.48;106.05;-22.13;-16.51;56.09;156.17
1.727;-21.82;-13.99;-13.22;-14.15;-31.40;42.41;53.61;5.33;32.72;-39.43;-58.63;-40.83;-25.72;21.18;39.94;-27.18;-1.42;-62.76;13.15;4.76;33.34;-6.74;38.18;28.11;91.67;-40.16;8.41;59.32;-4.19;27.46;-4.00;11.54;0.70;-16.22;75.77;-9.03;-45.52;105.59;120.03;10.84;40.94;-27.05;-160.56;62.40;-13.50;12.71;83.07;3.44;44.99;-72.10;17.36;-21.28;25.85;-37.57;12.39;31.95;87.18;-49.74;-16.49;71.25;-46.14;13.46;-35.83;-94.91
1.743;-21.82;-13.99;-13.22;-14.15;-31.40;42.41;53.61;5.33;32.72;-39.43;-58.63;-40.83;-25.72;21.18;39.94;-27.18;-1.42;-62.76;13.15;4.76;33.34;-6.74;38.18;28.11;91.67;-40.16;8.41;59.32;-4.19;27.46;-4.00;11.54;-16.13;-10.03;-45.39;-13.42;-47.74;57.88;76.84;-74.78;42.29;-68.36;-112.13;-43.45;-21.55;20.54;23.51;-26.22;16.50;-69.74;-85.42;38.59;-31.86;-10.70;99.23;6.70;139.71;-75.33;7.17;43.98;18.84;15.90;-74.01;39.30
1.759;-21.82;-13.99;-13.22;-14.15;-31.40;42.41;53.61;5.33;32.72;-39.43;-58.63;-40.83;-25.72;21.18;39.94;-27.18;-1.42;-62.76;13.15;4.76;33.34;-6.74;38.18;28.11;91.67;-40.16;8.41;59.32;-4.19;27.46;-4.00;11.54;-79.31;-15.98;-58.08;-60.43;-26.20;75.79;35.92;-2.86;-45.38;21.09;-51.59;-62.35;49.03;-8.66;38.60;12.69;-34.31;-57.22;10.32;-34.22;31.68;-20.83;16.68;11.71;200.04;-54.13;-20.93;84.74;-33.22;21.45;-9.90;24.86
1.774;-30.59;-23.93;-23.28;-24.07;-38.72;23.97;33.48;-7.53;15.74;-45.54;-61.85;-46.73;-33.90;5.94;21.88;-35.13;-13.26;-65.35;-0.88;-8.01;16.27;-17.78;20.38;11.82;65.81;-46.16;-4.91;38.33;-15.61;11.27;-15.44;-2.25;16.35;56.67;-20.22;-23.91;-26.54;18.56;-79.04;-54.64;26.45;-125.63;0.43;-43.62;-95.44;-30.24;-34.26;-13.01;12.43;-89.65;10.46;6.32;97.13;-76.08;-10.52;55.39;154.15;-25.15;46.32;60.03;-9.42;-1.95;1.37;-30.76
1.790;-30.59;-23.93;-23.28;-24.07;-38.72;23.97;33.48;-7.53;15.74;-45.54;-61.85;-46.73;-33.90;5.94;21.88;-35.13;-13.26;-65.35;-0.88;-8.01;16.27;-17.78;20.38;11.82;65.81;-46.16;-4.91;38.33;-15.61;11.27;-15.44;-2.25;-9.42;9.37;11.47;-9.47;-79.85;43.26;140.13;-55.56;-42.29;-33.70;-56.26;-82.99;-57.88;51.65;60.60;-36.26;-43.91;-143.77;-86.97;27.80;4.09;-50.21;-1.91;67.78;75.07;-60.28;-30.89;81.28;-47.31;4.94;-10.44;23.05
1.806;-30.59;-23.93;-23.28;-24.07;-38.72;23.97;33.48;-7.53;15.74;-45.54;-61.85;-46.73;-33.90;5.94;21.88;-35.13;-13.26;-65.35;-0.88;-8.01;16.27;-17.78;20.38;11.82;65.81;-46.16;-4.91;38.33;-15.61;11.27;-15.44;-2.25;-17.89;61.85;-41.36;-7.92;-84.45;-33.17;180.64;-21.58;24.69;-107.39;-62.21;-33.55;18.87;-22.07;-16.29;-81.63;-28.15;-41.21;-18.29;-50.73;28.51;-74.11;-97.87;36.38;49.53;-73.31;23.08;-33.05;-16.41;123.95;83.98;-60.31
1.822;-30.59;-23.93;-23.28;-24.07;-38.72;23.97;33.48;-7.53;15.74;-45.54;-61.85;-46.73;-33.90;5.94;21.88;-35.13;-13.26;-65.35;-0.88;-8.01;16.27;-17.78;20.38;11.82;65.81;-46.16;-4.91;38.33;-15.61;11.27;-15.44;-2.25;-88.69;-23.41;-81.06;-87.03;-14.41;40.63;71.07;-31.30;60.97;-27.21;-74.72;4.67;-78.02;-1.68;49.92;-18.52;4.78;-86.06;5.42;-109.04;59.12;70.17;-62.44;44.46;81.89;-55.93;-44.57;53.98;-19.45;-2.04;26.93;7.42
1.838;-30.59;-23.93;-23.28;-24.07;-38.72;23.97;33.48;-7.53;15.74;-45.54;-61.85;-46.73;-33.90;5.94;21.88;-35.13;-13.26;-65.35;-0.88;-8.01;16.27;-17.78;20.38;11.82;65.81;-46.16;-4.91;38.33;-15.61;11.27;-15.44;-2.25;-29.64;21.97;15.91;2.81;-26.52;19.02;124.73;50.62;96.99;-44.42;-43.07;-14.87;11.82;-72.88;-12.22;-44.74;-95.21;-125.82;-7.66;-18.62;19.00;-74.72;74.16;64.24;157.81;-75.47;69.02;78.44;8.52;76.21;20.88;-9.43
1.854;-30.59;-23.93;-23.28;-24.07;-38.72;23.97;33.48;-7.53;15.74;-45.54;-61.85;-46.73;-33.90;5.94;21.88;-35.13;-13.26;-65.35;-0.88;-8.01;16.27;-17.78;20.38;11.82;65.81;-46.16;-4.91;38.33;-15.61;11.27;-15.44;-2.25;6.37;-8.58;95.77;18.06;-40.42;-35.07;170.05;28.45;7.93;-135.89;-141.79;-113.13;16.36;-50.03;79.74;-58.05;-10.87;6.80;32.70;28.87;7.55;-23.54;-36.39;28.37;80.86;-78.19;0.05;65.49;-14.09;4.64;35.49;1.62
1.869;-30.59;-23.93;-23.28;-24.07;-38.72;23.97;33.48;-7.53;15.74;-45.54;-61.85;-46.73;-33.90;5.94;21.88;-35.13;-13.26;-65.35;-0.88;-8.01;16.27;-17.78;20.38;11.82;65.81;-46.16;-4.91;38.33;-15.61;11.27;-15.44;-2.25;-46.78;-7.88;51.86;-78.58;-61.85;48.00;-76.81;25.14;-79.50;-47.43;-29.93;3.18;-4.48;23.91;-18.37;-37.25;-14.99;-106.22;10.26;0.75;22.90;-84.69;90.01;6.69;73.43;-34.58;-10.43;82.04;-59.65;-28.96;12.51;32.74
1.885;-30.59;-23.93;-23.28;-24.07;-38.72;23.97;33.48;-7.53;15.74;-45.54;-61.85;-46.73;-33.90;5.94;21.88;-35.13;-13.26;-65.35;-0.88;-8.01;16.27;-17.78;20.38;11.82;65.81;-46.16;-4.91;38.33;-15.61;11.27;-15.44;-2.25;-42.94;-19.55;25.58;-86.16;-4.10;-28.10;21.39;-55.32;-16.53;-56.54;-21.67;-36.24;-0.63;-80.10;32.16;-18.65;-39.53;-52.61;53.02;1.67;4.43;-1.14;-41.45;54.52;103.46;-78.36;-31.14;58.40;55.69;-12.95;-109.91;-67.34
1.901;-30.59;-23.93;-23.28;-24.07;-38.72;23.97;33.48;-7.53;15.74;-45.54;-61.85;-46.73;-33.90;5.94;21.88;-35.13;-13.26;-65.35;-0.88;-8.01;16.27;-17.78;20.38;11.82;65.81;-46.16;-4.91;38.33;-15.61;11.27;-15.44;-2.25;-37.18;6.31;-55.17;-22.08;-96.63;45.84;22.27;-72.16;70.81;-47.90;-118.20;-14.60;31.07;-23.42;57.66;-109.38;-32.88;-92.89;81.27;-74.69;-1.40;-49.88;18.62;-24.36;36.48;-74.10;74.18;19.64;-104.71;61.42;19.82;-27.89
1.917;-30.59;-23.93;-23.28;-24.07;-38.72;23.97;33.48;-7.53;15.74;-45.54;-61.85;-46.73;-33.90;5.94;21.88;-35.13;-13.26;-65.35;-0.88;-8.01;16.27;-17.78;20.38;11.82;65.81;-46.16;-4.91;38.33;-15.61;11.27;-15.44;-2.25;-98.98;-106.89;-15.82;-18.93;-84.09;36.77;1.27;-18.01;47.67;-5.47;-41.75;-30.71;-59.00;77.58;-15.49;51.00;-15.90;-84.70;14.80;-45.96;102.18;-16.20;-2.13;-7.27;77.20;-38.07;79.41;64.63;-29.08;32.08;-49.76;-38.43
1.933;-30.59;-23.93;-23.28;-24.07;-38.72;23.97;33.48;-7.53;15.74;-45.54;-61.85;-46.73;-33.90;5.94;21.88;-35.13;-13.26;-65.35;-0.88;-8.01;16.27;-17.78;20.38;11.82;65.81;-46.16;-4.91;38.33;-15.61;11.27;-15.44;-2.25;1.37;-85.97;-29.28;12.54;-60.21;38.62;58.76;-17.81;100.68;-67.19;-32.42;-35.37;25.69;-36.40;-16.85;-78.07;-40.82;-113.86;3.08;12.17;-59.91;-37.91;69.07;-60.89;116.06;-7.26;-75.39;-32.84;8.73;-21.50;16.73;10.11
1.949;-30.59;-23.93;-23.28;-24.07;-38.72;23.97;33.48;-7.53;15.74;-45.54;-61.85;-46.73;-33.90;5.94;21.88;-35.13;-13.26;-65.35;-0.88;-8.01;16.27;-17.78;20.38;11.82;65.81;-46.16;-4.91;38.33;-15.61;11.27;-15.44;-2.25;-67.97;-6.54;-34.61;-14.08;-50.05;20.62;90.08;-34.73;59.28;26.53;-64.59;-75.01;-8.76;-34.50;9.25;-18.19;23.61;-52.96;-40.83;-89.78;-4.66;-146.07;90.15;33.39;129.98;-20.08;53.75;33.54;-121.12;-18.50;-85.45;82.79
1.965;-30.59;-23.93;-23.28;-24.07;-38.72;23.97;33.48;-7.53;15.74;-45.54;-61.85;-46.73;-33.90;5.94;21.88;-35.13;-13.26;-65.35;-0.88;-8.01;16.27;-17.78;20.38;11.82;65.81;-46.16;-4.91;38.33;-15.61;11.27;-15.44;-2.25;13.88;-21.13;-58.35;-1.96;-56.68;61.53;-1.02;-63.89;-78.47;-42.80;-65.43;-70.09;-9.95;63.79;20.38;-113.06;15.42;-62.54;9.82;-3.26;47.81;-52.06;-28.62;-2.29;129.28;-28.90;37.66;-71.31;-32.66;-1.63;-3.22;-38.67
1.980;-30.59;-23.93;-23.28;-24.07;-38.72;23.97;33.48;-7.53;15.74;-45.54;-61.85;-46.73;-33.90;5.94;21.88;-35.13;-13.26;-65.35;-0.88;-8.01;16.27;-17.78;20.38;11.82;65.81;-46.16;-4.91;38.33;-15.61;11.27;-15.44;-2.25;-32.50;-57.74;-21.26;-19.50;14.60;19.85;-142.90;45.55;88.37;-102.88;-119.00;-55.23;-27.74;74.79;66.82;-86.34;-98.72;-115.06;-5.49;-49.19;-8.33;-1.69;70.78;8.31;65.90;-78.37;-9.73;35.81;-10.00;37.16;-4.93;-5.03
1.996;-30.59;-23.93;-23.28;-24.07;-38.72;23.97;33.48;-7.53;15.74;-45.54;-61.85;-46.73;-33.90;5.94;21.88;-35.13;-13.26;-65.35;-0.88;-8.01;16.27;-17.78;20.38;11.82;65.81;-46.16;-4.91;38.33;-15.61;11.27;-15.44;-2.25;-52.71;-18.07;-10.66;-92.47;-90.32;-6.19;-83.91;-14.97;-93.27;-70.47;-60.97;-109.65;-70.42;-108.91;-4.43;-43.06;-9.72;-43.05;32.40;-79.87;43.20;8.09;-14.45;-21.95;45.54;-56.00;-0.99;56.53;-63.76;-17.97;9.59;94.08
2.012;-30.59;-23.93;-23.28;-24.07;-38.72;23.97;33.48;-7.53;15.74;-45.54;-61.85;-46.73;-33.90;5.94;21.88;-35.13;-13.26;-65.35;-0.88;-8.01;16.27;-17.78;20.38;11.82;65.81;-46.16;-4.91;38.33;-15.61;11.27;-15.44;-2.25;69.91;-0.58;-53.27;-43.65;-27.93;11.63;-27.19;0.29;-70.17;-57.91;-75.34;35.67;-62.68;4.25;-29.65;-100.10;-42.48;-53.58;-42.50;67.71;35.68;-65.01;-16.16;3.85;145.91;-58.02;-56.61;78.71;55.11;-10.96;-43.24;6.83
2.028;-29.97;-23.23;-22.58;-23.37;-38.21;25.27;34.90;-6.62;16.93;-45.11;-61.62;-46.31;-33.33;7.01;23.15;-34.57;-12.43;-65.17;0.11;-7.11;17.47;-17.00;21.63;12.97;67.63;-45.74;-3.97;39.80;-14.81;12.41;-14.64;-1.28;-111.85;-15.07;-25.25;-29.41;-51.43;28.59;127.42;-68.53;103.17;-38.46;-116.24;-63.42;-133.33;32.86;95.69;-39.98;12.91;-59.07;-27.26;17.65;-30.78;8.84;3.20;54.10;26.11;-76.76;10.95;-22.16;-69.53;-83.80;-62.20;73.18
2.044;-29.97;-23.23;-22.58;-23.37;-38.21;25.27;34.90;-6.62;16.93;-45.11;-61.62;-46.31;-33.33;7.01;23.15;-34.57;-12.43;-65.17;0.11;-7.11;17.47;-17.00;21.63;12.97;67.63;-45.74;-3.97;39.80;-14.81;12.41;-14.64;-1.28;3.88;-33.83;9.55;10.82;-28.80;-46.20;162.60;44.10;-30.71;-7.74;-108.37;-34.75;-29.06;-34.72;-42.27;-52.28;-20.07;-131.91;-86.08;-20.07;10.59;7.93;88.56;22.81;115.70;-65.06;44.83;45.70;6.93;-77.61;16.54;-92.23
2.060;-29.97;-23.23;-22.58;-23.37;-38.21;25.27;34.90;-6.62;16.93;-45.11;-61.62;-46.31;-33.33;7.01;23.15;-34.57;-12.43;-65.17;0.11;-7.11;17.47;-17.00;21.63;12.97;67.63;-45.74;-3.97;39.80;-14.81;12.41;-14.64;-1.28;30.39;-75.91;66.90;-29.07;34.06;12.06;-40.01;-41.43;-18.90;2.81;-23.21;14.49;-0.31;15.22;22.45;17.89;40.53;-51.27;12.48;41.50;61.18;-8.12;-57.07;29.63;59.82;38.90;107.19;28.65;-79.00;44.43;-11.63;-69.65
2.075;-29.97;-23.23;-22.58;-23.37;-38.21;25.27;34.90;-6.62;16.93;-45.11;-61.62;-46.31;-33.33;7.01;23.15;-34.57;-12.43;-65.17;0.11;-7.11;17.47;-17.00;21.63;12.97;67.63;-45.74;-3.97;39.80;-14.81;12.41;-14.64;-1.28;20.92;-55.62;46.88;-53.46;-42.11;66.49;-42.76;29.77;-41.07;-91.98;-61.46;-73.12;-124.99;31.17;30.33;-57.46;8.38;-113.23;-55.45;-75.63;68.17;6.58;-5.63;42.87;45.24;-77.90;-80.86;41.44;-52.98;70.26;-38.56;-47.19
2.091;-36.36;-30.49;-29.92;-30.61;-43.55;11.81;20.21;-16.00;4.54;-49.57;-63.97;-50.62;-39.29;-4.11;9.96;-40.38;-21.06;-67.07;-10.13;-16.43;5.01;-25.05;8.64;1.08;48.76;-50.11;-13.69;24.49;-23.14;0.60;-22.99;-11.34;-48.97;-60.75;-91.15;-57.81;-97.45;63.78;16.58;-145.73;-91.86;-103.97;-47.13;-68.78;-19.76;70.46;87.37;-16.48;-6.74;-32.97;42.08;18.78;40.87;-14.73;22.00;28.14;28.34;-109.83;22.46;-3.92;-99.20;-62.22;-90.30;-55.86
2.107;-36.36;-30.49;-29.92;-30.61;-43.55;11.81;20.21;-16.00;4.54;-49.57;-63.97;-50.62;-39.29;-4.11;9.96;-40.38;-21.06;-67.07;-10.13;-16.43;5.01;-25.05;8.64;1.08;48.76;-50.11;-13.69;24.49;-23.14;0.60;-22.99;-11.34;-4.99;-47.65;35.37;-143.49;-88.93;-16.33;40.45;-77.46;137.06;-32.02;-61.24;-58.73;-27.83;-34.90;-4.24;-38.93;-9.70;-62.47;-31.45;34.19;48.72;-43.25;-10.07;38.17;84.93;-40.96;35.47;45.45;-17.14;-36.25;-57.24;-12.12
2.123;-23.57;-15.97;-15.24;-16.13;-32.87;38.72;49.58;2.76;29.32;-40.65;-59.27;-42.01;-27.36;18.13;36.33;-28.77;-3.79;-63.28;10.35;2.21;29.93;-8.95;34.62;24.85;86.50;-41.36;5.75;55.12;-6.47;24.22;-6.28;8.78;47.38;-20.62;-46.57;5.20;-29.46;30.39;-7.10;42.87;10.72;-40.17;-51.00;-68.46;-34.86;17.92;60.70;-62.88;-46.20;-65.07;-18.44;-56.80;-1.20;72.01;30.04;54.16;104.76;-80.05;-44.74;55.84;11.33;62.68;-115.81;28.22
2.139;-23.57;-15.97;-15.24;-16.13;-32.87;38.72;49.58;2.76;29.32;-40.65;-59.27;-42.01;-27.36;18.13;36.33;-28.77;-3.79;-63.28;10.35;2.21;29.93;-8.95;34.62;24.85;86.50;-41.36;5.75;55.12;-6.47;24.22;-6.28;8.78;-47.21;86.97;-33.84;14.24;-77.86;34.02;106.63;82.83;42.88;-44.80;-28.37;-5.52;-29.89;-11.62;1.22;-65.80;38.16;-119.71;89.53;-18.76;93.89;33.43;0.72;-5.42;92.08;-97.26;-61.23;-4.05;-6.58;4.07;-13.39;-44.58
2.155;-29.97;-23.23;-22.58;-23.37;-38.21;25.27;34.90;-6.62;16.93;-45.11;-61.62;-46.31;-33.33;7.01;23.15;-34.57;-12.43;-65.17;0.11;-7.11;17.47;-17.00;21.63;12.97;67.63;-45.74;-3.97;39.80;-14.81;12.41;-14.64;-1.28;-77.95;-31.76;-77.63;-68.48;-10.33;50.83;27.18;-57.72;44.25;-106.51;-97.75;-26.26;-27.52;26.43;16.70;-117.78;31.48;-57.57;-14.68;31.62;-7.77;3.39;130.03;19.86;-14.22;-68.18;-19.57;24.24;-15.99;54.06;58.51;55.39
2.170;-29.97;-23.23;-22.58;-23.37;-38.21;25.27;34.90;-6.62;16.93;-45.11;-61.62;-46.31;-33.33;7.01;23.15;-34.57;-12.43;-65.17;0.11;-7.11;17.47;-17.00;21.63;12.97;67.63;-45.74;-3.97;39.80;-14.81;12.41;-14.64;-1.28;-27.06;-62.45;-12.86;-85.46;-84.21;23.83;22.74;-3.51;-60.51;-36.49;-52.02;13.67;-12.68;22.86;32.67;-124.27;42.90;-53.96;-10.66;52.54;56.60;-35.97;41.99;27.52;76.34;-57.58;82.69;49.33;-31.35;-17.84;1.82;-72.01
2.186;-29.97;-23.23;-22.58;-23.37;-38.21;25.27;34.90;-6.62;16.93;-45.11;-61.62;-46.31;-33.33;7.01;23.15;-34.57;-12.43;-65.17;0.11;-7.11;17.47;-17.00;21.63;12.97;67.63;-45.74;-3.97;39.80;-14.81;12.41;-14.64;-1.28;-12.57;-19.03;-35.32;-66.23;-82.11;-10.04;9.72;-85.71;-10.78;-73.30;23.93;-2.28;-57.78;42.00;-13.76;-99.32;-64.66;-70.34;-37.68;102.94;93.92;-12.66;1.22;-41.11;57.35;-38.05;58.42;2.36;-19.65;23.75;146.85;-33.54
2.202;-29.97;-23.23;-22.58;-23.37;-38.21;25.27;34.90;-6.62;16.93;-45.11;-61.62;-46.31;-33.33;7.01;23.15;-34.57;-12.43;-65.17;0.11;-7.11;17.47;-17.00;21.63;12.97;67.63;-45.74;-3.97;39.80;-14.81;12.41;-14.64;-1.28;-13.34;-65.28;-68.83;-15.41;-7.91;14.57;60.86;-81.16;-36.98;-16.10;-124.33;-95.15;-31.53;21.95;29.44;35.45;-43.43;-50.90;54.64;-88.61;37.89;8.13;92.67;-49.82;-14.09;-5.29;-108.34;41.28;-14.25;25.89;-51.84;31.67
2.218;-29.97;-23.23;-22.58;-23.37;-38.21;25.27;34.90;-6.62;16.93;-45.11;-61.62;-46.31;-33.33;7.01;23.15;-34.57;-12.43;-65.17;0.11;-7.11;17.47;-17.00;21.63;12.97;67.63;-45.74;-3.97;39.80;-14.81;12.41;-14.64;-1.28;-44.25;-40.65;16.23;-42.78;5.19;26.17;110.02;-63.52;96.82;-101.45;-81.22;-98.59;1.57;40.53;-36.99;-2.39;3.28;-128.68;-24.53;7.73;1.86;2.68;58.87;24.15;137.59;-37.31;-4.75;63.78;-52.20;-29.62;-16.26;72.97
2.234;-29.97;-23.23;-22.58;-23.37;-38.21;25.27;34.90;-6.62;16.93;-45.11;-61.62;-46.31;-33.33;7.01;23.15;-34.57;-12.43;-65.17;0.11;-7.11;17.47;-17.00;21.63;12.97;67.63;-45.74;-3.97;39.80;-14.81;12.41;-14.64;-1.28;-19.88;-29.99;25.55;-9.89;21.99;21.05;111.02;67.14;-54.94;-47.18;-66.81;19.39;-156.45;-30.77;55.16;-16.92;-1.54;-21.59;48.49;63.75;65.16;66.88;44.71;-4.60;104.02;13.47;-59.82;55.32;5.94;-86.36;4.02;-65.85
2.250;-29.97;-23.23;-22.58;-23.37;-38.21;25.27;34.90;-6.62;16.93;-45.11;-61.62;-46.31;-33.33;7.01;23.15;-34.57;-12.43;-65.17;0.11;-7.11;17.47;-17.00;21.63;12.97;67.63;-45.74;-3.97;39.80;-14.81;12.41;-14.64;-1.28;-18.68;-41.97;1.35;-28.55;-21.84;93.47;63.29;16.25;32.12;-2.57;-110.12;-72.60;-16.71;-0.20;-57.63;-54.34;-17.76;-123.00;-40.52;18.04;33.78;28.99;47.03;25.92;34.92;-26.07;23.68;46.57;-68.38;3.61;15.91;-5.33
2.266;-29.97;-23.23;-22.58;-23.37;-38.21;25.27;34.90;-6.62;16.93;-45.11;-61.62;-46.31;-33.33;7.01;23.15;-34.57;-12.43;-65.17;0.11;-7.11;17.47;-17.00;21.63;12.97;67.63;-45.74;-3.97;39.80;-14.81;12.41;-14.64;-1.28;-54.92;-11.19;-17.28;-46.17;-86.55;30.08;91.11;15.62;126.52;-66.47;-87.95;-106.02;-17.21;-7.65;92.50;91.72;34.55;-71.08;6.83;19.48;12.46;-21.79;-33.65;31.71;110.64;-103.17;-38.50;41.77;91.19;100.40;62.19;168.24
2.281;-25.22;-17.84;-17.12;-17.99;-34.24;35.27;45.81;0.35;26.14;-41.79;-59.88;-43.11;-28.89;15.28;32.94;-30.26;-6.01;-63.76;7.72;-0.18;26.73;-11.02;31.29;21.80;81.65;-42.48;3.25;51.19;-8.61;21.19;-8.43;6.19;-48.40;-55.74;11.70;-50.23;34.41;34.95;131.51;18.76;104.69;-17.77;0.88;-55.32;-16.87;-46.34;54.24;-62.67;-41.42;-23.06;25.03;37.85;9.31;-54.76;28.06;7.66;67.33;-5.36;37.78;113.73;-15.33;72.76;17.45;72.07
2.297;-25.22;-17.84;-17.12;-17.99;-34.24;35.27;45.81;0.35;26.14;-41.79;-59.88;-43.11;-28.89;15.28;32.94;-30.26;-6.01;-63.76;7.72;-0.18;26.73;-11.02;31.29;21.80;81.65;-42.48;3.25;51.19;-8.61;21.19;-8.43;6.19;-32.97;-0.17;-18.88;32.07;-35.29;67.59;-176.58;0.42;91.35;19.83;-35.67;-67.96;41.44;-22.96;46.58;72.30;-22.07;-55.51;1.54;3.46;89.56;85.11;-46.17;31.81;108.77;-2.55;64.24;57.18;16.60;4.77;-59.05;29.95
2.313;-25.22;-17.84;-17.12;-17.99;-34.24;35.27;45.81;0.35;26.14;-41.79;-59.88;-43.11;-28.89;15.28;32.94;-30.26;-6.01;-63.76;7.72;-0.18;26.73;-11.02;31.29;21.80;81.65;-42.48;3.25;51.19;-8.61;21.19;-8.43;6.19;-54.31;12.48;-105.89;45.31;-59.76;68.86;132.89;7.94;16.61;-4.57;-64.34;21.02;-5.29;-7.34;10.32;-10.31;44.84;-17.71;8.09;10.76;13.77;-6.28;70.76;2.34;-3.96;-61.36;122.49;85.45;33.80;98.61;11.45;-19.94
2.329;-25.22;-17.84;-17.12;-17.99;-34.24;35.27;45.81;0.35;26.14;-41.79;-59.88;-43.11;-28.89;15.28;32.94;-30.26;-6.01;-63.76;7.72;-0.18;26.73;-11.02;31.29;21.80;81.65;-42.48;3.25;51.19;-8.61;21.19;-8.43;6.19;-49.38;31.82;-36.47;-34.51;-41.79;17.30;-48.95;-26.05;-14.26;-3.62;-32.77;-21.28;-68.50;51.71;-5.69;-42.78;-32.00;-65.28;-4.83;-6.79;62.01;-6.99;40.67;45.99;50.64;-9.22;-37.69;38.42;-44.80;17.55;-60.56;-55.33
2.345;-25.22;-17.84;-17.12;-17.99;-34.24;35.27;45.81;0.35;26.14;-41.79;-59.88;-43.11;-28.89;15.28;32.94;-30.26;-6.01;-63.76;7.72;-0.18;26.73;-11.02;31.29;21.80;81.65;-42.48;3.25;51.19;-8.61;21.19;-8.43;6.19;28.15;-36.36;-64.72;-27.77;-1.22;20.92;1.16;-68.44;-5.56;-12.80;35.66;4.66;1.78;53.95;-32.90;-41.60;-9.07;-69.66;54.71;-78.41;-16.99;-51.45;79.86;23.15;101.30;-24.76;-94.12;12.74;6.27;20.22;-34.24;-2.43
2.361;-25.22;-17.84;-17.12;-17.99;-34.24;35.27;45.81;0.35;26.14;-41.79;-59.88;-43.11;-28.89;15.28;32.94;-30.26;-6.01;-63.76;7.72;-0.18;26.73;-11.02;31.29;21.80;81.65;-42.48;3.25;51.19;-8.61;21.19;-8.43;6.19;-8.05;17.97;10.90;-32.42;-45.29;48.92;70.19;-60.04;6.71;-109.42;-58.01;-48.55;-58.59;73.93;50.47;-104.26;-6.91;-96.84;3.30;16.10;-58.54;-0.93;70.01;-0.64;26.52;-114.39;-12.75;71.43;49.15;98.20;109.29;48.76
